strain	length_2_4_D	length_Aldicarb	length_Arsenic_trioxide	length_Atrazine	length_Cadmium_dichloride	length_Carbaryl	length_Carboxin	length_Chlorfenapyr	length_Chlorothalonil	length_Chlorpyrifos	length_Copper_chloride	length_Lead_nitrate	length_Malathion	length_Mancozeb	length_Methomyl	length_Methyl_mercury	length_Nickel_dichloride	length_Paraquat_250	length_Propoxur	length_Pyraclostrobin	length_Silver_nitrate_250	length_Triphenyl_phosphate_50	length_Zinc_dichloride
AB1	25.2394870867179	25.7301680185473	-15.4121983907255	-10.0949273215445	-94.7622281578179	4.17922081592047	9.08660756826615	-48.7975776947411	12.9230425026814	-23.5527816092532	53.4063263296491	-32.1936701685115	-21.2241893914896	-6.94690187900462	27.14849186272	43.8987545432855	48.6011838694225	-7.85353945649095	-9.04352345160248	-23.9544928696112	2.56437707126011	-27.7845994474222	-36.4269377280125
BRC20263	7.54101506066384	-34.1758123217831	32.2749764855174	10.6014851511273	-3.38542931948626	3.97482694809038	-1.7326748293021	-43.1519974318982	7.31690487410983	38.6335890115684	-135.111191614657	21.9677614648543	-4.16266657109514	11.9959493978352	-44.3153180518048	-54.8059423957833	98.1898540155026	-36.9097627166862	-11.7392201244209	26.9732183657517	-30.5931549337431	48.6407194456541	-5.50991510399572
CB4854	7.91667625972722	28.0093995666614	23.6794058458796	7.70791610215386	17.9170475151699	-11.9615273433815	-28.5220971800416	2.17760077524116	9.86420452237845	-8.05619884167649	35.0112149079204	2.33097082764855	-0.106645450921788	6.10687276946129	44.4018028835539	14.6250746177958	37.549716213418	45.0741143602588	-1.51703434884304	21.9362963453463	46.1467856385616	42.7616749635383	0.269595679833131
CB4855	42.3465101171744	13.166776493524	-9.33976812649243	7.47293761727629	9.94975642431427	-14.2509099246168	-19.0229214578442	-19.8487308038184	7.50242204093925	-9.93677810086514	-25.333340208547	20.0120996716653	16.6864395469827	-11.0106201283958	33.4092932630345	-13.4663960197792	1.0887348922226	9.84402858171519	-3.73065925392056	19.1690070561626	2.93994981204226	-5.77545016925784	13.3986399125929
CB4856	23.6759240833374	81.6083397523151	-2.1897401487789	-8.06345853994437	-3.8746915238773	16.8007879274349	10.4944262191392	-0.732030756111567	7.08103471451101	14.5077965095568	-0.176774250013146	-17.5544897026109	32.3976922352703	-37.7114619702381	-15.9930366773268	12.02751314996	-91.3647369468099	-33.948873123263	11.4741612060651	10.6334810026048	-56.6469265161729	-1.96011772323104	-11.327652491519
CB4857	57.8615635791094	-64.5336015479431	19.3927071060529	23.5651276226938	16.6736467372085	10.0809889765457	-29.7273797907332	24.091944678248	6.60496031600891	-29.9416328025092	21.3629346495772	-10.6228946800509	52.6771819097406	-6.88185713185104	43.533385381552	-26.7284630219074	57.3860256725706	31.763283945137	28.7845049081119	16.6849646236881	35.8430188266353	45.1060373545852	-7.07258704517129
CX11264	-21.8036269737718	-83.2040955310887	21.1451182817324	-1.42306940849131	19.8197863681383	-32.3768083152392	-15.5222215672165	7.38875709692502	-16.9825194545222	1.04290523414191	-26.3579562070707	33.8508093821574	30.9207835611721	15.6767682970227	-56.8409861711599	-30.5174069432467	45.1929170849035	42.9456057491289	-15.9229265382478	9.75840205040697	55.2623565360836	51.3559973584195	26.2132247200215
CX11271	-22.5251283915274	74.2157485417991	-33.9732939377713	10.0860514230521	-35.6089057255247	33.3468679378758	30.6089579918858	-24.6716952702682	52.7766223583707	73.1120098655333	-22.3898969474625	-7.62451748358934	24.8862063297763	22.1689105527324	151.677624952268	-66.5910812883821	20.1749293856533	-16.8971773446074	17.8663224183387	6.28447358754452	-16.4224192763453	9.7968227000108	24.1784597366436
CX11276	11.5969240549688	23.4649228706458	-11.38089712196	-19.7420802463068	-72.0751356758198	-19.2012527932405	-67.7156897490596		-50.6837137074093		-17.5317939472556	-29.3072962966315	-68.1276625454911	-23.1069105311175		-158.963647426247	6.72874740973412	-43.1093906280109	-7.31366803764719	-69.4662067297789	-40.6648068819444	-54.0209552456363	-1.55905103240121
CX11292	1.79127620287668	12.738741779096	-4.52900273995773	-2.23841257038937	3.20153331267565	-7.65464631190593	-8.37009685304067		15.4433141803267		-5.16322477918211	11.2750015856586	24.6036702133182	0.30976416540101		-41.5159761439869	6.27719199521494	31.900782400099	-0.253619309296291	6.15211850974628	25.6971974697536	41.8211287822014	-4.72176194882325
CX11314	-6.00957269424726	38.7655948328662	17.8693375493306	30.0366872587308	38.5025985966514	12.2081721726331	8.8466081788739	87.0208581786585	6.34881430600708	11.4149481023749	-7.032061446708	-5.61243883335091	58.1385773184875	6.51628154817576	-1.41528880937885	-143.547698049991	37.5036530961237	7.7043513154474	3.65865377447507	-0.777236700850466	3.03731043562887	34.0748576405022	3.31600182321202
DL226	-35.9022318204555	5.59459824323152	38.4606710451029	48.5479275068677	-7.70629019113024	70.6596669531517	79.6686405602581	1.51620464914328	-10.5327397613351	0.762499311471825	-27.8301551244384	-12.2110968878963	-3.2170174820227	9.19335710560294	2.78571484023632	14.067498540048	-56.7758868072294	-3.70847128737015	8.24168538671374	17.2332783973545	-9.32587793278678	40.4145839448996	6.39808521322552
DL238	116.326165889913	96.5107943294905	38.7478651976578	0.164815508203408	96.3903066494291	-2.80466035637085	30.2387596906668	-67.064694546029	52.8994864066015	6.18654969460446	32.3686707343627	-1.12027970803472	35.3162523930518	37.1023423793442	46.6012582915667	19.8876920495969	-203.429264308623	-4.40183410628761	9.48731316101596	47.5675526820529	22.4692739370494	-10.0125757807641	15.8326076334725
ECA1069	-67.6258199802355	-189.693319481685	5.15110950767599	-4.10835912554987	-1.33245497620176	80.0355720270321	38.41787102288	-6.94705045996341	0.387358745858327	-0.680153405796859	-48.0480046292935	-21.1830582581297	-5.80790188748764	-24.949041064275		-54.9484157914047	22.5278545859412	-21.4707644520876	-3.37759299009627	-3.23666863547165	-26.802279738605	26.493978554884	-38.9253318369692
ECA1074	-4.36611503908595	31.5199586961445	37.5745709247622	4.36527404471044	-18.8502184110106	-11.4047217570019	-40.2720747822759	-4.2864843863571	-10.0730447554251	-18.7751169662288	-20.9352463352316	-38.6840790896333	-52.1905152030638	-23.1855396132486		-110.432796457028	68.7504705748051	-25.5088490786226	-4.15900166109642	-22.1017420889277	-19.0244652671334	-28.2722783423052	-44.5986838054101
ECA2546	13.1746849175394	-34.6512878420274	-53.246552735449	1.24316840941914	-49.5889235958066	-37.7098817972123	-25.7303442078172	-98.8772208096869	10.5789027404066	21.7734247878155	19.193359253789	-25.5040544151384	-4.17861545484809	17.1786068651661	-9.47567742965431	-68.8983617074289	7.83805794600623	-22.9784023063515	-52.0115183527067	-25.0521359843132	-16.2604909020169	-5.21854732049614	
ECA2549	9.55773190168653	-25.7833186927505	34.9597449401413	34.8664785682085	-1.98213498532392	2.64314350454454	-14.7045845378933		9.95458830564083	8.41419431067698	-8.02863606007162	-3.02425638109306	-84.3923242974383	4.64797819022268		74.3039417209907	106.366395451745	19.2284899239019	13.9848409702781	-34.8381564068275	15.3763452859208	-4.04622788182436	21.9067515829513
ECA2551	41.3400323241401	4.05179860988257	47.272224316233	2.56891346934731	-35.2718490792617	-28.7397677246507	71.7950208938473	-37.8433833841275	10.7013375632045	-26.2880362027783	10.6682046682326	8.23472751294461	7.19862566037163	-7.84684928624385	-30.4042955821328	87.3374594676742	115.269430714997	-22.8878439119637	-2.07805807920638	-8.46934800505544	-14.1409694863036	-57.4492788683866	28.2371741347479
ECA2554	-53.4109250488223	-47.0938451067983	50.874825231363	-28.0759874229437	-6.04133588770151	-20.3778926596181	-1.82452522830737	8.34230510519787	-47.8015190443596	-20.048937148386	30.1543256583406	11.4622438354576	-19.6631284747074	-1.38293312875774	-40.5269749738103	112.710996723158	83.9782181733604	44.5211240078448	-29.7509146036674	-68.3517807484193	55.085467493065	-24.7254215638095	-5.96891343036748
ECA2555	-10.2771111668864	-78.9728191711305	-57.9296920971322	12.2117085822029	34.6616060253089	-51.8901274839235	-20.8861620478714	-17.1992756828734	-3.59170558213942	-58.269059054178	61.7065133865923	-6.60325437415885	-32.1664330019786	23.4814157628022	-50.3624809981234	-46.9353271136455	66.4761630164642	15.4606446850776	24.0264528861558	-11.6819689292139	28.9982490769784	13.5375950466793	5.72010121439026
ECA2559	25.9357530802163	75.3033935406523	67.2781214781131	33.5427368474985	-11.8591456423912	23.4043056940941	76.4279753827202	-23.1057377715508	-5.04526547463725	39.3006656784123	8.91151296336515	37.753102651426	18.7697360049451	31.7771718165171	47.7840520135001	52.8805096612558	8.23625810263995	-13.3496422625474	8.26830132264456	-23.9492176863035	-27.0480576804196	-3.40982874641905	4.7528406682339
ECA2561	-3.16462660761113	-13.4270780416673	31.015350000421	-7.18599400633363	-38.8244081146077	-30.1717019239358	26.0213209782789	99.7066410372646	14.6823218646331	-64.6895882849534	80.9417224373918	-21.4178646933692	16.6603760170332	-70.8883380611357	1.93059070596046	-5.09108786055101	11.6291954474714	-27.0607284290668	-8.88944314487011	10.6517581608886	-18.8364408852353	-146.039472375746	-10.7804828066657
ECA2583	40.3745304484755	19.5005896347734	16.8238520990659	7.0947431781546	7.4056071265791	17.7509336973551	33.7909662519831	-55.830992949121	10.1891969369955	36.6099844898246	25.124071629771	5.9480720985917	-11.7007338318471	16.7000795455569	-12.587335761502	-43.5415840782189	100.094103682179	-16.6109239191086	20.9429187148455	0.779759831156029	-20.6830163925958	-28.7764348351921	23.9198458131897
ECA2595	-21.0932884956441	-17.9587358856808	22.3682859603485	-19.2213215656295	-26.0729633261934	-14.032603393701	0.0806006519359306	-46.2199536595448	-10.7570635836412	-60.0924484215603	31.9814834693933	-23.4497370502985	-62.0634138805059	-47.156519032646	-53.8781301310877	-50.2622977397072	14.333619838861	-2.28125273725559	-26.4495614942874	-28.1194328522533	-31.7042237118482	-178.580997575143	
ECA2601	-144.984886996825	-43.7447484753197	15.1493332069135	-31.6497134390869	-77.0960668744908	-36.0521784557214	-14.551037547761	112.061335079139	-24.5558516210048	-27.0452173093386	-39.4855206782992	-7.34329408233378	-58.1293601958712	-12.730536091982	13.8879253968635	-97.8604566969376	-24.5068771175548	-47.8961363841479	-20.331502592767	49.4964420184017	-48.9756240355383	79.5102407102429	-13.9984407133979
ECA2602	16.6812755615846	-229.71483309302	17.8303005992492	-30.7744383307837	4.98387237162554	-37.625405048418	-84.2640782548206	-70.6892389831943	-1.321024308017	-18.6675792439453	49.4361697398482	-16.3399810422361	-67.7993055802673	6.24102527519294	4.74746177959937	48.81499444353	1.12847869074936	4.55079934285761	-4.32479874071891	13.1272804170241	12.5386103303547	5.67758046206872	-9.34642997911424
ECA2603	24.8263098568975	-270.50360095937	8.02593601785736	7.47994162396423	-8.14299847344983	-6.5287664005422	10.0414693258546	0.436851986598857	-18.8977338045093	-18.7771263088638	-11.3232121470717	3.6051481646323	-5.58131593738343	5.21368920366244	24.7020351649107	130.805761807068	60.5447501195392	29.4468070326508	7.41272097956492	6.23761376216806	31.9783136478398	28.9743242973842	-1.63663070547258
ECA2607	77.2013679368027	24.7841687619817	-91.3955897984214	40.7486505885474		50.8361757087179	39.4891539143529	43.2887326746547	-3.44517872948595	-24.1827028607009	-43.5033716653017	-17.0012117577573	35.2095730778588		27.7838112927453	-122.031754699337	64.6053562635478	1.72412215174055	7.01471890092667	-5.10566811429312	16.0199678848747	-16.1811883032878	9.56963164452083
ECA2615	-41.5955385346201	-221.265373825136	29.4609148817083	-54.0340330256713	17.9259268213566	7.55901369061108	-48.0931961395965	20.7878579217922	-7.88621528244873	-7.968176678821	34.3170113437145	15.41490949453	-32.4574011327065	16.8230921079455	-2.40375542048091	7.51135855863753	85.7894050662316	40.4251929849235	-11.6358310100677	-7.38967487892218	19.2899082121184	15.178353343844	4.07521951033819
ECA2656	-23.436194624181	90.0541900181582	-0.494024192445698	-14.7589330377861	-52.4551684657458	41.9350405871668	66.9046608144656	-47.3075117898849	1.80230065497145	37.644317412867	-64.6360683252621	-3.91695952664806	-27.4411079949064	17.2175436978206	-74.9780500583944	8.05665594998667	114.828570977623	-54.246280868082	5.08021595584049	-51.7097184712803	-43.7707019221106	1.71346747442477	-1.86250524383953
ECA2659	-44.2973753116747	-20.8096965238903	40.0537416038327	-37.3098110053862	-25.3085575155264	-102.035163526781	-66.7513385258977	-43.5023422941286	0.0771496653650001	-20.8458772917786	-2.24700912773192	26.5111377286728	-73.0870666311072	-0.866911328504885		86.539745554819	-22.7069223522744	-24.0258560227964	-34.4249566415391	-18.5805976358396	-56.8698533316711	-35.0510677784376	-0.411662798644692
ECA2660	-46.7564992853078	-2.64763274299097	31.4211763963168	-75.4740201297131	-16.8140710504634	-139.369841620994	-14.3521725671916	-23.1820582614825	-4.92850615161876	-32.8613766488667	11.4519819385563	19.1066028719675	-50.4669424545024	4.08238271733325		98.6372913904393	-46.1491351185393	-25.0977589934582	-29.1313437466261	-31.0332397392528	-53.8234060252585	-29.8998788273647	-4.36523388659005
ECA2672	-21.5215091299441	2.26145952162398	7.75900419675073	-9.73550537332126	7.62695292654827	-10.268687793944	11.430320249343	-63.0569638465512	-5.26776108379053	1.82125166316426	22.115331452979	24.4635899610021	2.33839587307019	6.29122778853031		31.1214357366246	62.0817921389289	-22.3039214723427	-5.05906519959923	-23.0756293267902	-12.8414938103076	-20.6805374020211	26.4768481607575
ECA36	2.10907270755336	31.6024513831706	6.41066233459554	-3.85151084507894	113.490756595631	-6.15250026218567	-46.0244123170358	357.913870580206	-1.28991728458078	18.418304964782	21.5015225288668	5.15893083669179	104.684672666923	-18.1746237174186	-30.5818050540556	-1.62713218802853	11.2041504238144	-17.2123119454121	-26.6425073655314	-71.1459417184453	-36.1822641476947	-42.0731857218655	
ECA396	-0.686503973411224	-2.13329169100059	-0.90459802846792	-38.3883063315225	68.8927031728571	-136.365646577483	-176.597885626052	178.860118274573	-14.0369939954294	19.885617758423	-26.129466544413	8.68242890711098	5.86160900277352	-73.6295514111537	-27.7629924408425	-198.004239995172	-37.5489677591381	-13.4281975200187	-34.2739153565011	-111.777397237063	4.45589968052362	-47.9823531015641	-45.0450788399829
ECA594	-24.1845504719225	47.7895400426365	-20.2328636580028	-46.7384499393316	-24.9673024853269	9.71712525926905	73.6181303765663	-70.9083638664206	-5.20269893763441	8.5682569795749	-22.1757363670915	26.2015474403953	-16.0921821887555	-2.29123070590748	-20.0138396533074	-113.7396783659	48.3713903515667	-86.9124598325126	-8.34915131423747	-53.1588938058098	-86.5873092557004	-82.1523455684454	9.40807826047065
ECA640	13.8500035499035	33.5068051537809	18.5815106227351	6.8152766730476	-53.1931494914403	-13.1572851532376	31.0132211989684	-49.4388204263855	22.0639728698976	13.7554393909384	-15.259857627912	16.7649080525531	-6.68296541025237	-3.92326343879351	-18.4345794362711	-82.6570500624987	20.2891880229392	-31.9206005416782	-0.822058478748685	-0.420023174396211	5.65243497394352	-28.9064731979302	16.4288207578272
ECA923	-54.3947793744293	-70.434616444205	22.1448488921664	-10.3249530372262	4.31415102791036	4.97463063381162	4.27943960419417	19.8167860491316	-7.98006872999929	-26.3323608912596	-28.3673776277601	-5.08500802501992	-36.584161831013	-2.50404730754765	-68.2633858348014	2.54574911838602	45.4687145053509	-19.055392237841	-11.1994971678305	76.1467396550036	-8.1201838087668	92.9813588837608	-4.70385848300294
ED3017	-8.59085411020072	-24.1174230333444	3.64284674826996	-11.0643408238426	-22.9894420569647	-44.5900345245914	-19.8317511385585		-19.2259735891971		-2.82638316120794	-16.369445162299	-56.4136424649877	-8.41181738085153		-3.36389990843104	-1.69014455855696	20.2182510617172	3.45052761932385	4.19405530019711	1.7261405078777	-1.62159176115049	-5.40811557577936
ED3046	-21.3979293131267	22.0515433088116	18.4525550578507	-5.15751468751565	54.8616683803478	20.285315793447	-55.842039234498		12.1757488652906		6.25176094124346	32.5763008957029	36.6643201249229	-5.39475174134878		89.1824695384984	-15.644113788484	36.5557925039775	-21.103102746912	21.64828141036	-13.8129981039854	60.6988793515814	8.99327877397363
ED3048	-11.9535715423763	57.0388068197791	-27.6950350787394	-8.547052409647	-42.2866687576054	29.9803815872175	-13.4654386509466	-48.9379349934218	-6.72876467774511	31.7327601677436	5.85766819930386	4.53466313939905	37.5514264464866	24.1624404278696	79.5137279725282	-0.534711075424317	16.0122861704426	39.2321600791142	-3.95467812494569	6.49497416978134	5.78457520150441	-6.85185497008652	
ED3049	-0.71244249998194	49.9485151890744	20.4165770012295	29.389139844226	67.3880016314557	60.6672157559163	20.4295590797433	25.1157653253128	20.4722194680224	61.61141240523	6.98662013511171	23.270542557638	58.3766399883059	15.9174290522473	50.0340636748053	141.226738654639	25.9750559053609	16.2776883350002	11.2933420571405	46.8706706573738	-1.45247211524037	91.0998246246457	19.5675293740118
ED3052	1.47385974619864	20.9451404216059	50.1764480434605	28.3587725507146	35.3606875946561	22.6582597712807	-41.9748859155631	-12.3510117599503	19.8157382469219	-6.87196941784826	-39.9409566904937	-2.63106085214498	11.7548696562708	10.3594264733452	13.9242832466075	23.5492252756761	43.0336389896395	-0.828427450587528	4.97948199203884	8.45149496343822	23.9037377322406	-22.9245553205839	4.39232791002588
ED3073	15.6208088699728	19.1893780107707	3.9011924394419	11.8663551838281	-29.4856218341915	0.0180199516808488	8.57596134450148		30.8550833947667		14.074108883767	-31.0802369714846	42.8049692507547	19.4579372938945		80.1590872900431	-4.83825032989905	11.661027552177	-3.05965470085042	31.0290566556798	26.0033919852346	32.6446515249027	9.779153444205
EG4349	-35.7445651670853	56.9049684608075	29.0753193596409	-22.9229651272189	-8.03941826428203	5.2988566344763	10.7830538173959	1.21843955247159	7.3877212872198	-8.88000581845549	-125.476251467499	-7.58942635580316	-52.0346878950659	-34.9606315812855	40.3410844984219	-65.651429988535	53.4432440992788	-8.07755181947276	6.98667412301088	-6.50775626657515	-11.7073568694964	-27.6987183748754	12.0690992278176
EG4724	1.073493257406	-2.18284688878573	-5.55136351856722	-27.207724263648	-8.28524895388185	-19.7716109154921	-23.7785386236804		-13.82227978983		-54.1929028040582	-0.697240155597438	-45.5422498550237	-17.4111992565529		-124.640264525856	5.42302043522826	-22.5155178703834	1.21518633480043	-10.1914047697148	-14.6154661641242	16.4791039285104	-6.80771645859202
JT11398	-49.9965004064743	51.331006112751	-48.4081756753766	-0.897045700935955	-40.4205046654408	3.48826393049539	-2.81230243884394	10.5972754446329	-24.4905319370104	-10.9639481750443	2.13396436487816	0.77091117901682	-10.06217488646	-15.082749598731	23.0835544063955	55.4390648958449	12.2311582598723	17.5777471246716	-6.15332106101113	-19.9794871816865	46.6429684417573	-18.9616777043966	0.953460893315043
JU1172	0.535592633873672	74.6541387833705	0.646143233407632	22.7836272600155	18.1589405898395	66.5947269030504	60.9249446828019	11.0326850939414	37.6948076831108	31.3242792833475	8.64097176123831	-10.5414863103236	66.6209835000566	-3.99562781449279	-7.94011663506401	-20.5978233467462	49.2005085914207	13.6483493383386	0.367518973378352	23.1989343201551	19.6103590347525	19.7410634226558	48.2805168920238
JU1200	-20.2129506853815	17.4419233380124	-40.11706120926	-24.740013019702	-31.2757388083213	36.6082574891642	23.4402702848084	-4.12741160724115	-20.7279128800845	-3.86194106874898	5.01383882293809	8.18234234837103	13.434698055808	22.940503988338	-24.0791470339378	43.8720106479684	42.4314705047585	-21.4731709965113	8.88736252682998	-1.1402553408795	-15.1185809329637	-23.6599307429259	-1.4175277997911
JU1212	15.3131220837828	38.7194507058291	-14.4770360541711	-43.0938962999872	-45.3430800369536	13.0412541364152	-30.329416801988	-79.8592551678018	-10.2727380286173	2.34629823536637	-148.491841022214	1.02055457777948	38.17237229898	15.9852573420014	-4.94783911499454	69.5588682732644	-325.520434206505	-44.0412385490129	-3.74269652781322	-19.1024811502057	-51.752589065636	-18.3258338411596	-6.6561206818171
JU1213	39.9688880853486	3.3991018164563	43.6480665906265	46.9208108298219	-18.7106662149156	63.5159335325486	56.3647399041914	68.7611839885949	47.8304168060583	26.8967119442279	-15.4234822632211	24.5162587622451	4.39094076798439	29.6172838718029	15.2599798162822	55.069435009264	-89.0176549037944	3.79100138701715	16.6210546351873	50.6375856299099	-8.05291075332488	29.8860328563543	15.6318568587084
JU1395	-12.3161202479688	19.6998478067067	40.6651013357822	32.8296173124185	14.0933934780239	26.044628129852	76.1589241311691	52.9875031800148	4.53069710285391	40.7295461553375	19.2570443285313	-22.7898060952628	-36.2453519053268	-8.83816625415154	44.7107721554023	81.9652807481268	34.5789956361423	23.27198935119	23.8054611666723	11.9672347520965	70.8425180347471		
JU1440	9.17084918438469	4.58753659175131	-13.6193026269029	25.2315148308213	5.15642191223321	4.24501483961366	-2.29891134615547	-20.4771706632666	-8.4905296389478	-17.9954590470562	35.4158982773302	-29.1441611667501	-11.2638080462455	4.76645746809817	-13.5619573916951	49.9674000624538	59.782043722482	59.1001828405883	21.3718582773389	9.48741385717135	50.0343798984556	6.94397869107433	18.7416333818476
JU1491	-23.3889000015356	-76.9563273994749	-10.6640215889908	-95.2445542643862	-2.64800740856679	-13.1644869334661	-86.4630608302891	-44.5492834140907	-21.8346091491383	-19.4505851097602	15.258294389353	8.32238650505432	-18.3931360137678	6.42011361380895	-59.7029670938513	-32.8113962990106	149.054880596302	6.04560888988385	-41.8583071936104	-8.14783443964028	0.0668094432808295	23.9600966467102	8.12653206933017
JU1530	-21.6846090995932	48.0871499061653	-0.634096513405975	33.9211729118935	12.1492588280996	25.8241641614399	26.5583936365029	62.9514245984271	4.25340235691513	-38.908031996483	54.2188091830709	-7.63838100414725	-0.131776039369998	14.4862559599652	83.614886667665	24.3219365502896	-19.4397435007127	41.549787564595	21.8589428804217	35.3232626562488	48.772027330238	50.6532875506263	-10.496038224269
JU1543	-3.03047289291686	-32.7563689513196	-24.9134130535607	1.8685529078197	-1.64773646821457	-28.2890736352596	-85.1600504469942	-82.3292323784289	2.92603581321359	-11.2073154099993	25.1366531163161	-14.0136596943882	-32.4236379727057	11.086685682773	-4.37586801283547	-6.93005703761874	5.45342089460691	22.5096843619416	2.75739033677951	0.852645453391524	8.64705996396156	32.5872344677339	
JU1568	-84.7695517502578	56.04276662498	-13.2156707083936	-22.3802433483292	7.9152206220214	-4.44207801159388	-31.7131674128812	-36.0076613415351	-19.8490179501768	-6.93438074475561	2.21944495978154	-5.8367220401772	2.20893891779691	15.6881718479927	-5.67202343342292	14.7871641831646	-25.6243032276574	-6.39997356045262	10.4847863743914	-47.0162782086195	-4.18060089737481	-12.4289710372442	5.39972775290189
JU1666	27.4249908871117	22.8306759733387	-33.5708426473669	50.2767373848561	28.1617966180594	67.4416340522981	84.9672355733784	-25.7939764463739	-11.0995777606932	12.5200560113612	12.5085010139653	24.3994758727018	60.5788777576947	8.26305107377999	15.7615905559887	29.2226299370445	-5.3318194251401	14.6932998827981	11.8522426605257	32.9088066461357	19.3500990950619	35.8966806844212	
JU1792	5.45818184613441	-66.7171978483616	-30.4048003039976	-22.0254054998782	-27.1990928326206	-83.0003124904054	-21.0041987888107		-0.480402943982859	-36.2432465439764	-11.3925016355583	-23.3302030873895	-11.0556091362554	-23.9967847499223	-72.1425224657924	-11.087519426376	17.2892629366289	-0.336700931262903	-21.1080137733943	-19.7135630360123	5.14594343078754	-22.8269765036773	4.93345608220235
JU1793	29.7713632063541	46.1096625642245	-12.2889206568176	10.8231380529574	10.6758517997996	-0.591311682171468	23.9972274436376	-17.4545480159876	4.16003655245912	34.4532041130607	-2.88612735734403	-17.9687430428382	0.855627681364512	-1.54708714856297	66.5713038183808	104.294341287958	-34.7951383050541	17.4267893143378	-2.93494909736297	18.7592541520127	-24.2588286630602	-13.590885868915	23.5878081916714
JU1934	27.2888097247686	2.15495275335215	2.88856200146525	6.01301606656455	66.6614293421126	57.0285383403114	42.4262865058765	-21.3462213395705	13.9726908291585	34.7706464012679	-17.0048035901375	-19.9827477491062	42.3569740060649	-7.0665225423068	-6.45544342017346	162.406836932588	37.2732674769981	18.1994449837552	0.92767712455311	41.115882246875	17.8781371783199	14.7655341885835	-13.754556094127
JU2106	41.9517148943325	82.5985238412539	29.0787589053504	-8.92956908867451	57.5226677222093	2.09077382116437	31.2907091722205	-34.4260777593008	5.39075417105285	20.5051551098937	46.5669017404495	18.5640538486538	46.402308222915	3.92643968525246	60.9410921479758	128.268523578249	-3.4509754871639	27.8629645692528	-13.0149931942619	7.54409932889002	19.6224797147231	20.5664179651803	-3.55707262301368
JU2131	-2.37868688372485	-73.6157964081413	-56.5430925287571	-58.4182761457915	14.6383007831428	-36.7844385207277	-18.1271511778832		-10.1437219510145	-54.7457276308839	-36.4083077677137	13.5799977787928	-58.6831094414735	13.8369577618354	-7.11311393242599	-11.3655881126705	-171.644265476309	-7.86965099388157	-9.51222673246266	-13.3714311778643	-9.18181711790715	-51.6112115688579	-33.902814758295
JU2141	-32.4625579824449	-98.1793336424023	-14.5094939673518	-3.98444350336196	64.9486065257609	4.4849723032506	20.7172075748882	-2.84387008162001	-13.6091514066573	-1.6211929646462	4.54258559727424	-9.06109381670719	-5.04969248738269	3.31209914703152	-21.4756611924825	73.7672796549515	-7.57015572975901	-1.64107099091403	1.04963950182313	14.0485991679139	13.3688906358935	-24.7864082796782	-5.40608417809685
JU2257	29.6597362197028	59.3947230298219	-40.9224625039113	-6.76053379860303	23.0722788222134	1.47508494298806	12.7245709439166	-1.86882495600446	-17.9753074667295	-30.0097236066879	35.3892657251038	-18.1900722841149	7.21262217561355	11.1405798181142	-28.6351734964329	61.5659570678201	47.160767971546	11.6384952516247	-0.31372239490135	12.8240784056249	24.9098307712431	1.35541113823414	-4.7461763173553
JU2464	46.840315066127	-1.61649882063464	-20.4648373635547	17.7332815319749	6.22218915789369	88.6568296375779	66.3574032228393		-4.01505513165056	43.0738379059758	-77.2373598337176	-4.89555749819197	92.5308921852516	22.9724573954923	53.3124355450232	92.3839483112941	-33.1096723815061	20.1857886777526	47.1551386755272	51.8318190911822		33.0916930221339	-13.4116716084727
JU2466	-16.3985399871602	57.8155743653477	53.1899709870041	-21.3136130002235	-38.4496088249332	34.5518894514097	-15.3398345104917	-1.91904197719575	-28.0943558493367	-21.6163257293989	-77.1437333655374	13.0470698871126	-49.9755336978858	-16.9937492338715	-27.1214764162557	58.8332045906525	-1.00582193814994	-33.7672602696231	-8.1010437359524	4.83089616282301	-24.6618068819052	-36.8158580847083	-1.33337230606923
JU2513	-9.84392940419896	-29.2898809680168	23.2292084744001	38.1138810318653	26.9305260302423	-20.1738506238664	-8.66842066948327	-41.1093368367674	6.35907847557342	13.6087298237336	13.9423237739162	-0.0673805155214337	-29.9042924158722	-15.845601046046	13.7932611589839	112.282750807738	45.5308526904135	51.110933513755	-9.45737207950534	9.54967380476544	48.7571439570784	-30.3012329853509	18.2575603999345
JU2522	-10.640373848608	67.2752098016192	6.23869586504589	37.5183575441126	-65.6729876226603	45.355993073965	16.9534322489451	60.7937968501673	-8.57851789831599	61.5316261801594	-103.431711259036	17.6690275102512	31.9841017443404	22.7812248813766	73.3609938687544	-53.0526673057555	-85.8601989830365	-6.6877450200774	48.4594871863469	52.5765653914567	-26.5942178002965	40.1891286488817	-17.9379862976019
JU2565	-15.9617883553791	-11.351107486971	-225.140564600642	-10.3464540578558	48.7829703118343	25.9433262150326	-7.71918198869196	-42.6133136186295	-30.6876351267298	-59.1263857971741	-12.715911354377	-10.3884485220191	-5.08328475450058	-1.80653153029664	-51.1690327108954	41.4139139720698	-97.4894773327914	-1.62388501479932	-10.9913879468566	-28.6264833678346	33.0719710759259	-8.23077479010027	-16.6303419212444
JU2570	44.1836501398629	0.883321355350498	35.0448326653433	11.2813825947478	50.5256397290123	43.8062349202373	-7.75019877727666	5.52800828680389	12.6597896333894	63.5094005354285	32.9134897015673	-10.0055532359873	81.6205800105831	7.32673924379352	93.9032595847383	94.511491914141	-15.0234444247424	37.970922971857	6.36220464930633	62.5286636244261	40.5372887517033	43.8475044792881	-3.55608902101136
JU2572	-13.6458201469146	-66.151728913599	7.40698157196784	-11.8535052836218	22.6519275311847	-21.4163286655588	-23.2127155046479	-55.0674994533979	-11.4816385597927	-7.8235543621	-9.94214462812171	-15.969121141458	-47.7247274961444	-14.4140787378906	10.5162530252058	-7.6221015884274	-26.5513252643314	11.5631350605671	11.9060977484256	-15.5973803864622	7.49963357962543	-30.7787189339751	4.66557076285796
JU2576	3.15347596724184	-42.6106115640099	19.0291339011398	20.5350482631078	65.1333696578381	-2.73301205243017	1.24774821164789	39.1810527723591	-6.91373565625596	-14.0096815144331	20.8108668886046	28.313912300299	-23.6392183865129	-2.93375964879495	38.6909007362368	93.9467627605991	-60.378616711779	66.4663608642791	2.46354990714624	20.9060863181829	42.0289466770562	-13.1089927782881	-6.2821063345897
JU2578	28.8399922866188	-4.48405659828002	33.5329063453475	-15.603629334474	-25.3343671170347	12.6107909141551	16.742749530513	-98.5824628232987	-3.07514175201716	-11.6243270372814	-42.4695553483662	-8.67500055003642	-51.6662617295605	28.5524200560811	-56.4134267614406	-86.679811144309	18.76996415199	-45.8741648089653	-8.91480793351607	-18.0217560181729	-38.08676011191	-44.9704941477632	-28.6485331143843
JU258	-31.438383706877	76.9550873687309	27.829135175944	40.9390164306799	23.6280221038497	-75.3384627371479	-83.8400028740248	93.871052812937	-37.2925515864299	-6.57159866757667	54.1009534755509	-76.1488159318129	-23.2748685017447	-30.2296172245077		-26.4924370046789	-89.8308673740552	20.9107325619823	-15.2225158117839	14.264241884161		43.4429015179125	-20.2491511355993
JU2587	-19.4260440271349	-14.4474030033289	-43.9796130995186	-56.7918129313008	-86.7604394798057	-7.25065498254682	-22.2240803248446	-158.97742985669	-23.7124440595928	-47.9816983238031	-36.8178757405163	-6.08023647082462	-77.5156152684094	-26.5138195014047	-72.1397423577106		-152.155404478721	-42.1898761378281	-20.811299866129	-64.9725926858041	-51.9054121765203	-30.2911519108422	
JU2592	-7.05217965908266	-31.3073218964538	-22.040420432443	16.8187826816717	60.9668121529148	-29.411727604168	-133.603299689006	-54.8745063137617	-30.1565258105417	-9.40050918673484	40.1768614368155	13.3480418126803	-15.0304205572898	-16.9935518507159	34.3434535953778	-76.9774405631964	42.5562598920789	47.5195298956298	-3.59307013888863	-30.285713689149	78.9339822429624	-25.2411305212409	
JU2610	-6.28425227546917	-1.23542811660474	31.7064672307695	13.3855911724254	47.219380555221	28.9470172330828	28.3586791364082		20.0688379304274		37.3517051353269	22.9862636256222	22.56280053334	18.6054890763956		90.0537443019454	-24.4067915747329	33.2320957983481	-7.66085883906404	36.6484698302281	8.96754069161841	10.7255455497355	8.42112158366867
JU2800	-10.364446248523	36.8157307549506	21.3821966776339	8.04045516981457	-22.8077658008235	29.4734439005418	24.1224737724852	20.3321104953787	3.30641373784476	14.3432223936549	20.69921519666	9.25753160548474	40.3221889096573	0.485211099565753	79.0073721318316	-13.4546881824452	46.6091860592196	25.2844165476595	9.99511311377772	-10.351930929285	5.81704525381827	-22.923978389374	23.9989537113746
JU2811	42.712539989784	-21.9031930696572	16.559845383521	6.24889726485851	-43.9346289713563	-46.1860638145185	-3.2408895029243	18.0738830103858	-27.4487843743474	-31.2946246274008	-31.0708168816606	6.17176291048959	-10.2634911648099	2.46393975569339		0.361575202352075	23.4032990986016	-5.60407964180203	-12.819788443336	-9.50590909861585	-11.7925008886134	-0.797813338359719	6.80861651907219
JU2838	-21.4309547159233	44.9081116824781	-22.2128992966391	13.2514721924549	22.6305782177459	15.4686468116491	4.02691344846585	-36.8767398413226	32.6004521965138	-9.17386857977651	34.8377374274759	14.0223561654848	22.6678638391323	5.45972261029522		-19.9125757752367	97.3992803484736	14.2455456500608	-27.5186913035114	-27.3936853289298	14.2919220193381	-23.6035922060813	3.65291756144223
JU2866	1.58731170265901	3.59094371609802	20.2244817333966	15.4502263617108	47.6496281038449	19.8398466187275	-17.9709585216793	11.5064938674424	8.01590797253837	10.2331584237946	35.1872697482318	17.5522420925098	21.1078196196484	-32.2689506017516	85.3720770788139	-6.98389922785951	59.6152754987722	64.5067196950825	-5.95725129513817	40.794091037708	68.6012888577772	52.0254584838249	9.67621849521741
JU2879	22.4249075500344	-76.3016577213033	23.1209283488359	15.6578113245262		-26.4675685381459	-13.5374401817909			-19.3183318334557	8.46089014662676	53.7843641382051	21.7935465636575	-0.877084297915888	-21.2303750741019	74.6423672052159	-58.442240920665	13.889084205763	20.4896366542708	4.71617827280518	8.8198484020608		-19.9994472517883
JU2906	47.2293445216996	6.56495907848478	20.3123134579239	37.0233377835227	10.1406201681123	21.3304930770541	18.0710702836817	52.485550684233	21.3888777260919	44.1890561099266	51.5184353513883	-1.10905520042412	31.0467560783556	45.216704438345	26.5966442822995	-42.3050270587166	36.4087354407482	37.2167714295577	33.0893126460351	9.40208064775971	27.927789991589	36.263381532972	14.223816815126
JU310	-15.2903261611648	-68.1241750215198	33.7237063396688	12.6247032785565	46.7651106561156	-32.6480817744255	-78.2440625972333	-44.3380799714378	-17.7430631884652	-31.8996436698804	41.9239007348751	25.7290788768947	-33.4101235777696	-8.34827923180557	65.2930469568919	1.45482017736747	-0.758392517470588	67.9923331426569	-17.2868267369341	-5.26267124119138	56.9347307961437	-2.74700978889353	5.78835946107045
JU3127	-19.0266227452049	-12.9016749137464	53.4114869450169	8.32815272731232	17.8321745724855	-13.5415773465477	29.2928122069606	-15.0114949588995	-34.7496189950403	-9.91328633157556	71.5166733548107	-2.4497343803636	22.9514704559088	-25.7535464537732	-5.08071259443939	27.0963748018816	45.9407995648208	26.0661927363311	-6.91586049442828	-6.27528233397646	46.6729007965096	16.0620778908752	-15.5064692204801
JU3128	52.0692529346151	104.731480634201	37.6865544571568	18.6304921997062	-19.7894604678994	32.6242786133647	34.4162314427827	-30.2835972524209	3.22020206454447	24.0381947782288	25.7098033785984	10.9314302798464	45.2320145080261	8.611266223076	30.2271814602032	73.7129371728299	3.98406170682137	13.5996736574892	6.04906814379082	24.6654838186602	29.0182588396447	5.5089524051462	27.2253454081333
JU3132	75.5928614571581	-63.9854668400692	-4.99556223989739	-88.8600278215377	100.676412857018	-121.135134276401	-131.675325504715	-23.1063465422117	24.5995078682381	-1.7160682801138	105.738447299421	15.2119596771789	-2.24709851115132	-31.4440105437856	27.7604473185435	-1.1359773929662	49.2805549623582	37.8723447425115	-6.06750644440068	42.4243780823404	58.623546648907	28.8725964929628	19.7620390338991
JU3134	-13.3535121031238	12.7707402299025	9.10765842676018	-2.81209993860481	16.5709685082654	28.5669355062974	60.774583138209		-27.5072784841475		40.176622387241	8.50708070530857	41.9890660708194	18.8181710486135		98.2250084594204	10.0150091874992	36.2150070874843	11.4861867269296	14.580554296573	45.8621195979407	32.2363561985767	-0.412930179813812
JU3135	-0.420105957360921	-91.4444998970194	-7.73365972838952	-13.5945730359392	-30.085404282833	-20.4925725580655	-44.0128599864919		-14.3661712045109		7.56921614419544	12.7902618437395	-38.463763622323	17.1192317740111		62.0868311450876	4.07983261578413	-2.12300325350731	-10.0854433128338	18.6277452246835	14.9973113397409	-7.42943182379222	2.67125865387289
JU3137	20.2899274526316	41.2806394966834	7.31445782125658	1.32301899240348	34.7961770585925	49.534752380856	-0.861231756254235	-32.9510504275779	43.3189145368786	48.3439754410389	55.0159498509911	34.8070599991613	29.1765001513788	0.622430202927152		10.3123405169004	26.5643611125327	34.7194894205935	10.8787023244038	49.4086699180314	43.029336757318	46.2159774813131	16.9288087964227
JU3141	20.8163285077489	-17.8601888552015	-3.14734865924562	-55.5244250962958	6.54863847533401	-33.1488263656222	-78.9542964573468	-22.2910275385203	-30.0947636851463	-15.7188309032191	1.88184482375824	8.60007584453598	-54.0141647559973	8.5116636887473	28.5324015789487	-8.63963161992416	14.2914462428544	11.8299837633718	-16.7547470569659	16.2593132198084	0.965818032207983	42.1363785565236	
JU3144	-22.0233593473539	-53.7484546993616	-34.8658859205223	-113.129394746961	-53.4836150804074	-7.10848433782155			-4.79793586302473	-15.361048368076	-53.2146157906405	-23.3767533957179	-38.4917431394723	-29.7733294287916	17.2553749347509	-35.625137052065	-145.16933298764	-7.31073199664859	-7.72298470301837	-40.1809693219322	-25.0868227779993	-36.0426628574035	-51.390484609759
JU3224	24.3495086503335	-27.4337238162042		18.695728553642	15.5877236401348	10.2627294230607	65.2987485587016		-18.070629782542	15.6859057993506	6.80931054434836	-12.3146957539267	-8.61229734959414	14.1663777799253		66.7683095163202	20.200277596861	3.72312539252133	36.7617977648197	-2.16414110334729	-4.73564236384276	-8.43631130492278	-19.8655851726348
JU3225	-23.230400187854	64.3551031911079	-0.220638950453073	-3.3854030361416	-16.2031269837129	0.716929519796274	-29.9100913724663	54.1018955223883	-12.6484026154497	-9.78346788547986	-38.8221228462989	-4.65749252194824	-0.454840720484271	2.02455410409153		-6.50050929678352	46.7900020883078	36.3154933294939	-23.860110030427	-29.1941358081821	32.7719644830339	12.0860843910503	-22.9395159396507
JU3228	12.3010375651681	38.0136988731637	7.26673684756495	37.0194508542079	14.5930696368866	3.2958108310149	45.5910387337149		-22.8923541760148		31.626458831437	24.9770005575856	-2.80974350327237	-7.87397744343497		76.045754869749	19.0295916185422	11.5065952810685	21.7480574673783	-56.3661197108757	20.0113285164292	-40.8128021820826	31.6574868681179
JU323	0.738635484205776	35.7519372836504	0.467618219969886	-13.6285943933946	6.05116165342792	-83.2550494890187	-34.3185904013609	-86.6566500546566	-10.1462234868528	-2.38758737051274	-48.8642341174281	30.635142475966	-59.4639209499071	-33.0906057566859		-54.3452457892013	6.56823966018593	18.3948348833122	-14.8964841263092	-35.9855712151748	9.19133685690746	-19.0498275360091	-2.0256655345807
JU3280	3.71001942782311	64.2442151455758	38.9909565545105	16.2885225758694	16.7140386983777	27.5446103563138	2.75013433829996	4.22096266946461	41.7528273864381	32.9717064656751	39.2846042034372	8.01318892626157	37.0644665817093	19.2506439886312	73.7960689011879	109.539318533018	-7.29817341671443	22.597642674477	23.7400327979153	30.7277114653715	35.7872794943513	-5.66652000480741	-1.31920040043449
JU3291	13.702206929355	137.82279838145	32.0112696684974	15.5405647855928	3.26073049611726	54.7524795191795	2.80440083882836	14.4797375517346	41.177349560124	46.2756179440015	23.1355095196989	20.6743794632544	-45.5030931318491	14.0484653425654		59.7393494021954	118.209374964048	53.540313110932	26.4384244786227	17.8625504622201	33.9407190320971	21.0942549783313	15.3567087536177
JU346	-57.7608287218125	-114.609092687081	-55.6948462178449	-23.0924517428001	-126.078662166345	-6.68992961898411	30.8622948214818	-44.7901638945117	-14.0097677918085	-16.2476378238514	31.8351366289237	-3.70005383810983	3.22350327323596	22.6664611508663	-10.611127257845	-53.5703442154871	-3.29515352735883	27.8012741741193	-15.0984480147243	21.4781779540261	13.9707374971671	38.6641066887742	26.1150538761942
JU367	25.087372530206	-107.254431634162	-57.1951614141967	-19.0567202541883	-40.2418079656306	3.75764397296763	-21.2224512463663		11.2570944127852	-1.65837584291013	-45.5978779355922	18.913427466204	31.3990024772038	31.579120461708		80.1028300539632	35.1468602697548	9.72724580500853	34.6594972930955	40.6009284209439	17.4289734562707	29.5077759118308	-0.161084550176895
JU4047	10.044612383432	-18.3649040185634	-29.4387001823328	2.87225158147591	-24.6243369363872	-5.99063613407666	-1.9679231895749	-12.9912944117687	-9.12762684440185	27.181157476301	-180.773190497199	-26.0609461287006	9.74833585479871	-17.432389896671	-39.6360141552248	-190.049470098412	-1.0646972892876	-28.396302007845	-0.688915499515744	2.64093182784729	-52.6252397692667	12.5056932607316	-10.4081399687686
JU4098	-13.139144196219	-56.1837869317407	-19.8696226715778	30.7868467314689	-65.2149911446039	56.5811762273522	25.7805980094146	14.858233019417	18.316178075949	59.4058139935387	-64.5876735365661	28.801305056053	19.5097663782953	39.3342382308242		36.8336717321563	4.37611990051568	1.69962283412153	38.0965125201064	35.5041852580698	-12.5086549349121	25.6284639912722	7.01593635536793
JU774	19.7458381924412	-17.0326742074004	6.44106206841686	-46.7643881447104	50.6824272764176	-127.531299167514			17.1313535481216	83.0331465450397	20.8518804598318	-7.88097920567219		-14.912619129146	-0.172300271651774	-4.94310655560861	-20.073488455344	18.55057908822	-32.1894979861952	3.14238681599211	36.5112482003811	-52.0884163972128	24.8218702141459
JU775	23.1726546547302	14.9941261441443	10.3401933515189	13.2033321194887	37.5430607329587	4.593903225854	10.838086138488	9.60433652141222	-0.631497424835748	-12.8832326085651	29.1052648782197	34.3418523182647	20.5010199376487	4.69085967597419	4.6472827022134	44.1788330523652	6.18120415888176	-11.8847377097008	-18.0952097553287	28.3152603926514	-2.47662162252868	14.5374831599127	20.2769348930572
JU778	-92.2333914599378	-27.7056896238396	-15.5388030335772	-5.92764671616931	6.45730224667721	-16.2889108052336	-89.1720728732358	-22.6482314419464	-42.1082841380096	-32.7192842039023	64.4077815553074	-5.69607992033487	-54.4733723699934	-19.946141869914	-23.2878519378216	-28.3633612160804	83.2436831634127	0.261740562549508	-38.8976681692461	-43.6850620860287	0.282867107940564	-36.7158123566375	7.20848703428021
JU792	-36.994675415513	16.4783559755903	36.1277780582305	17.8580620151043	23.5510513661099	18.8112273839304	-15.5711471933324		-0.351002123376047		-36.9014343061369	-2.51024594668652	13.2455306068428	2.40616331128283	22.9493327115932	9.77842246258757	-52.5723932393944	1.27194267229796	-1.81947574057722	36.8164050990589		28.8385283250159	-6.0706077789555
KR314	42.6244072699485	3.39719799768466	19.6913890558683	-1.40096350679401	-17.9331476124264	26.1190977918099	15.1070028832527	-18.788147057787	10.7526784904411	-2.19643473193063	26.1807772450967	-1.80514701754008	-7.49797050501239	-13.0031974913491	-11.1650711181742	4.89318309994292	29.1463894857358	-7.52253882847448	-21.3568669821309	-7.84048622617389	-12.3871980600696	-39.4280937872977	-4.16539417638297
LKC34	51.4161685460843	-156.753512891473	-13.3723248575994	-42.259363062136	22.7869693216088	-6.05211730271	-45.825899096693	18.9886187224119	27.4794494103264	-13.464210255447	56.4783459963535	-12.1351340803552	4.7257856031715	16.3202694558225		26.5221023676651	42.4779070260425	-10.0383159476045	-9.63402309659047	11.6884702155687	15.40414701178	-1.4921599567756	21.544955658274
MY1	26.9312915172299	94.2611230532974	7.27113625814782	29.8497535778605	29.1558009669345	57.2868918741773	72.2473844357804	57.3369675461602	33.2798210929616	84.6950666263305	96.4530008695704	-5.8179696346933	118.505783909636	32.394037829212	29.2443833423578	152.195991415951	77.8786131446524	14.2267442930454	-0.43055558099198	59.2112372222792	23.7712810367062	57.8324192323579	5.93422033937384
MY16	-28.6566114964514	-88.5257762737973	-33.8650989675595	-1.16189900427737	-25.5800002344276	-58.711858880369	0.625081897914317	-12.7983598536773	14.0227065627099	-35.0836971865482	-25.6915227976865	-25.5111700434929	-5.62125400969865	-9.1259304585642	-64.6852180762101	-146.024942701225	-16.5851363410027	-16.4322182662312	5.86014471472021	-50.7367662172948	-29.1032751379825	-44.9949015609784	1.75704053651972
MY2453	49.1529921175253	-140.459453289976	2.04988078389179	-50.1967105345148	45.2624932170945	-41.4312124441187	-122.348193335334	25.754095026609	8.59672472999546	4.26472262092261	47.3465547740417	-15.473078306973	11.3468072644457	4.45082491469136	19.9743438421817	19.0712833077036	-17.4291062325746	40.6517056772741	7.31334291017166	-2.32265765677982	56.9023916250165	-29.4107332173131	14.6221616568517
MY2530	73.2564251890041	29.0864383585007	27.2152250279873	25.2713516752073	-19.4076872110695	-0.702551180461081	2.26442652480232	21.5282527892469	20.9783339606234	52.2432143467306	-1.50998514912381	-18.3031903211924	46.3938765153936	49.6679780982093		113.218394807969	37.2149568642675	35.4306828210825	26.915652606923	45.9724255505453	26.0199057523045	33.8980367368189	11.1817602687333
MY2535	73.8118372986159	22.7821875879945	36.8173613532485	-6.53329101655888	14.9927239196249	-64.079295145906	-53.5080935431149	9.2888742534195	6.66762643990033	-5.58754985311436	25.6103859863472	-4.57597590712478	-18.977679969817	0.38565966713368	53.5888617482571	-9.86272621442365	63.5933908998528	72.3529937606994	-6.56890728018756	9.65503376287173	55.7994154565197	-2.80396426412181	6.46364741491662
MY2585	0.106530247959217	41.5415359217861	-40.0836588167767	10.5698105122874	0.696561983299189	-5.09498891361501	18.3788986198345		9.50279046010863		7.30224625595024	13.2715698616284	14.212695082283	1.4029525028866		40.285568871326	-23.9901475938313	-1.48506743532623	-8.10569342856069	23.5756550005505	-8.78324683021925	-5.75144807797622	2.57195529221865
MY2693	-12.1158365310173	-36.7528591782837	-9.91918041201867	-17.6685306225797	-34.8422618821796	-5.72353356218535	-19.0640404977371		-16.4171011532365		1.38234547669968	-0.453440166250365	-51.0272973177432	-7.73121140787749		37.4516587446058	7.51586087758381	-2.22553602083897	5.45062969464027	-6.3602874530407	11.2130300663396	0.595183954964169	11.3297098498229
MY2741	-40.3953387892071	20.3410873191342	-5.60870740806258	0.493676893238683	26.4992115432153	-10.3721533147499	21.0590061031863	5.24337258254133	5.28315699475521	-8.25357401318307	44.7769087753547	-0.944277892727593	-53.9584019955743	-17.5592941603349		10.8894739565991	49.8559406770414	14.4075212522743	20.622475591813	2.61888814837839	30.9929726747518	17.5948628720065	9.97403538080142
MY518	-14.2848655150069	43.6758095909309	14.2138801719939	25.0186750050716	55.8371941069293	73.6778748843277	81.0367512295033	-10.8614671791234	-13.9373020668344	-0.492906172887077	17.1928631435349	16.5289776334422	80.0567041632817	2.95659511505284		39.8575149931297	17.3145570672159	-0.194953863782565	11.0827677662394	18.1262894363049	12.6465469712792	-5.41467455790929	16.9757413762911
MY679	8.91724707189909	3.81520272780857	20.9504594385082	-6.15880815554096	12.0436648165727	37.9795955224607	-25.7926684383915		2.08218138305918		-10.5484006740654	-20.8998322018279	-18.2837277910931	-5.14555484350544		-49.710869272723	-3.98382744587501	-18.8331794251687	-2.45990566712712	-0.973241737309697	29.3207165314155	-9.28226865336817	-57.9685073346468
MY772	-10.5134825765963	12.3147687309295	28.3560476713915	19.229349360685	103.397692434709	30.2638586518036	4.69502644829253		24.3803056649577		-7.5262219740835	6.11148050462844	66.0027344803463	-0.860778221416188		45.6258666352549	17.5818481020013	60.820862804615	17.1302750065224	49.3982563097473	79.1579138809111	45.4582020077613	7.78569114771739
MY795	15.5200048757967	-3.99943804299189	10.6877716137387	33.6505582604956	44.5025128817186	-39.1791410307226	-31.5948759375092	-7.76043965001413	2.46757645215513	13.2599211468558	-30.2631719297193	-1.13441428653346	17.9765219204422	-1.60645640148261	80.4400140383665	-17.3315414024519	-63.1538461578949	40.203794446504	12.6958771947324	12.9451522349457	37.7342773757399	27.5105869302694	-9.19184685383871
MY920	-1.83865971839325	8.38525409578138	13.8436175290026	1.85998969528686	-33.8799207749886	-35.666985822176	-47.9883845738239		8.2017325937194	-21.4085639132961	-20.407947641979	-30.8682202650044	-5.38128245426537	-6.01821365238739	44.5246797846413	0.760072143741034	-37.6178794890666	-0.615655381153757	-15.1065961390816	27.0414471849476	7.88405053988029	24.5137457870409	-64.3529473750709
NIC1	-4.71236321705238	-44.3269168650181	-0.519047399498832	-17.8228560692304	10.0374742668818	-5.45688386252073	-29.5910532478671		14.0804865384607	35.9796099721344	30.4693048265067	-16.2338515440339	-56.1238732901799	28.1176226888396	46.0706533897167	-8.74785867757888	50.9786446928814	-1.68335948281255	20.0096960226204	-3.69218037623008	-8.98777039366907	13.8750344601527	6.08470855092446
NIC1049	-16.8057665118776	-68.6600649660315	-29.1941808068325	12.6116808412853	50.634163558383	10.2321098774099	-7.02902074034526		-42.0173796695061	-17.7896416840441	38.4168697046923	11.1947962705356	-49.1867424873483	-12.9316524120209	14.8442048836142	13.7003978637932	-0.67010889259968	10.0131170308151	-5.80968253835545	-16.0809584581456	29.8224136820722	14.377253389431	-14.9285786807327
NIC166	16.3853242960064	21.039153590932	8.5969765896261	41.4645281124875	8.93595347997155	38.5544656754674	33.5803080055609	36.7511506865578	12.688400401052	13.9994083456588	-11.3099823114339	2.32042408965851	37.6880589007485	6.91863550625423	45.8906488443663	-8.3008374568031	37.8878895058234	32.4620357257589	27.8422742602458	40.2172338098683	43.3691674679691	21.1623267458401	-45.1792736187426
NIC1779	-28.1926514902445	-90.7863958687502	-58.373686087758	-13.7883948064741	-48.8555292387449	-18.1039226499687	-10.9557294530355	-21.7983579957471	-30.489584217229	-2.54907993324579	1.5569915917106	-28.4335058026483	-4.76340645998869	6.78770567396473		-102.344377769389	-11.956858854353	0.482688929454616	-32.2294942681154	-29.6052584602224	-17.4122482227412	-9.73495016671011	-17.0816284637007
NIC1783	20.6792401354171	-102.667663268027	-35.6967786845501	48.8859856338673	37.957179265935	10.9775334500669	83.246207489318	0.379632009037287	1.62006298910438	-29.3787402825173	-41.5515663223649	-8.20182541735261	9.02748229524802	-17.7200454352706		-5.80583497897766	-105.165020278817	-15.1697196531166	29.7043483039522	46.1571484782836	19.8165168910049	13.4673701885991	10.5632265298377
NIC1786	-54.6264332051172	-76.7522848908953	-78.6023394233563	-23.1823155415821	25.5835231330508	-120.130127405122	-80.111472377358	-18.2432942590739	-51.6703653485647	-31.6782659042345	37.8454812809799	-64.744578152089	-79.686574674561	-27.725238494619		-18.2016127767865	-114.857868903288	7.33363528138511	-51.3648682292604	-8.45970110835774	26.944556598347	-22.92654938363	-36.4800045118557
NIC1791	-21.4344334504625	-61.8590570437255	76.8232441396625	-2.76192062220879	-37.9972888259547	36.6512297910096	55.6143408022743		-24.6795199846519	-8.73802157189768	-9.77298945841154	0.349100531372564	-57.3298016042886	-6.8730257474695		-13.0350555444965	19.7187391629503	-0.560934304699849	-19.0398170374936	-10.2194729988268		-18.5157751697883	0.267115178868269
NIC1794	-46.5740466809951	-110.866924793175	45.8966651999364	-13.0851202456541	77.1277059279504	-56.8627069756376	-4.59258942102844	-49.5845779876028	-68.0501315468807	-65.3715749243807	-1.95000995779966	-37.2000085535507	-73.2338216306897	-57.4283813953776		33.0546253835967	-160.541844878907	-31.7761472832451	-45.4613972268111	-2.02897412462453	-18.7877480199391	-18.2831921058281	-30.265587304307
NIC1798	-50.8076933896543	5.77180497771265	-38.9731945255028	27.0968307349113	10.4201006557229	-21.6463308455605	-20.333360484294	67.4527152316387	-21.9628381710808	-21.5373463595708	31.5692145292832	-28.5991230027453	-14.9354402362095	-17.9305307693991		-40.8524920608606	-72.3342707873161	53.1598688020912	-4.77480303324628	5.51078339644112	58.5999385486615	-0.279750736922222	0.641896164020544
NIC1799	-58.7413012608229	-66.5763507409457	6.35705723778312	25.763938272188	29.895214399717	-35.5162194100134	-88.0399158986829	28.1862938042431	-7.97810404169837	-21.827913808702	58.945258350446	-38.3707701514347	-40.5024749264895	7.34742523656345	25.8011184994021	48.3600530603109	-99.023785335373	15.5708505488235	-41.2801967174656	12.1417085994165	18.5722019109415	-4.53117507561891	-14.5630031258578
NIC1808	-2.99528673584945	7.175998073641	29.533504598387	12.7423157661422	52.3125193812019	3.79786037639422	19.7552041849333		2.27127744138254		38.2510924450237	22.3164214418221	-55.5636147990478	-7.51258441622644		86.2661431485349	5.15318775086347	0.392554311281736	-16.1244781688361	-33.2162099618939	6.46988423737941	-41.879469052731	8.91373496208103
NIC1809	-15.8696672767707	16.8801987455207	-43.0678309698423	2.63514687011913	-27.6380635113217	14.0762052472922	37.9073133452645	35.8992096089667	-7.19960222726301	-20.7076508882907	-26.4844869863907	-18.6308122434906	-37.2833468804663	14.7528366930042	10.7118860963313	-30.9267456373912	-171.955473287587	-33.323417111964	8.91264644051375	-30.135272915965	-33.2360861256664	-74.4445564163026	-18.8241870099137
NIC1810	-1.41282423107108	-56.2617093467189	-26.3605186876673	24.0064763545609	-29.9910364442256	15.1397451749036	70.2495523258712	40.8031204212819	-13.8501576192121	-1.75416373200418	-79.9691760294647	-4.64264360440288	39.411622311416	-39.4927114213227	-3.55183261815161	-119.038343987088	34.1988022020809	-60.2727386047051	-26.447119686915	8.22215279362946	-15.2905371719152	9.21412545065399	-13.4611083593535
NIC1811	-22.023025115461	38.8323631113608	-87.1534851590836	-7.40320783131703	-60.3154127607282	33.5771445937463	38.9319286843727	20.3336067300047	-8.09924484468573	-27.5705154930576	-74.3244170558373	30.2001438309822	-26.307134530893	-5.29328695213682	-45.8842425897039	-31.3036124528765	-54.3934574258508	-41.4041456803102	-26.2370635603669	13.5825253502803	-33.9263066541164	-27.6028832576206	1.87978711479832
NIC1812	21.9391273175499	21.6206841696851	39.0324118603615	-5.44211477450342	-18.8598763927543	21.7841854543979	63.8404410194955	-2.51666885788368	9.44089466975693	63.2737813310595	63.8078221784832	29.185150939999	9.90351874961336	31.4564359247416	-68.6608787996742	36.9504379833511	-4.0607389148175	-70.9246995583127	14.3298200411685	19.9380653307743	-39.9974718917949	15.8177329785839	30.8105714695804
NIC2	22.2114820826692	14.0623912843083	-19.4652469372671	-13.7590073308127	-63.7259438408431	39.3372346129959	41.6817112997679	14.4363689397895	-23.0145377279406	9.26679688907748	30.1147968137484	-24.3384081843821	-5.89155737059537	9.87040783873982	-29.3393309082661	6.66234663316066	28.3649005291209	-26.3908564233639	1.3410629784009	-12.0299665964782	-38.0694508643444	4.3201451938879	-10.5171370201382
NIC207	23.4705097426225	58.3872769045164	41.4555467891555	11.1379154799474	-24.8421106633882	38.6217813218954	16.6827281367115	9.4510829506902	6.49076162978902	20.9373129058076	7.07613287045516	9.45341897747702	16.7863953191931	26.6993038315088	9.97861889297338	84.6077074632573	46.0025257207464	13.2551355141281	5.14556856949542	30.912222639976	9.42108088386336	27.9079440513917	8.18265963022758
NIC252	23.8032997528636	63.2799817702386	-16.0042293469428	41.4346543907909	-35.7857459340602	-80.9713171363666	-21.9035347968083	-41.4838809293296	27.0466319411287	20.6642703997876	-14.782016163219	7.95545701913885	-18.6003701289664	4.81468881432027	28.6419120448902	-58.8008491694753	-29.8897591023152	4.88217464217118	57.8629374673372	17.4298554561953	6.97891606398045	29.6186522941028	11.5861281786876
NIC255	20.6568800904577	26.8464003296191	-62.0694702460807	7.5274756832969	-37.3643394660861	-36.253452848987	-97.1200311384066	-48.9208061479216	-4.96048636484624	22.7764903008342	24.0097234096817	-21.7260302845358	20.2902986487245	19.2753806911684	14.3301669907747	2.1825806819242	-40.1031053782532	10.3046528940101	14.6995578761705	-7.1539514155543	0.806083202879338		
NIC256	-27.3363756681648	1.01343415740889	33.8554827675752	4.73089929515689	49.0096197106762	-34.3001670813539	-11.4304894073859	15.5936133934263	27.2175774399145	-85.3367524806879	95.6474299926059	5.40928590588407	-105.070208382501	-6.51151935348417	10.3300412419915	112.173550445162	42.3856495542187	27.9242231616038	-7.0885146838025	-20.2791168033283	33.3281835149155	16.1816480597262	13.362835202983
NIC258	24.6122665889869	-3.50777252068278	-34.1543237494012	-5.35893403705284	2.81314681713598	-38.5218743701663	-47.6633825043385	-4.86522613638655	-16.1698898054799	3.88990845200446	-8.08303050454018	11.4692922290355	0.293404567552426	-11.7485440337568	53.9745475807801	-32.6501896483108	-5.56851544240347	-0.3783038112915	12.7215194762696	35.0727732957332	25.6859698308074	49.1332177128602	
NIC259	-11.8368987831843	19.416712338534	-39.9177595007637	-6.29150152986935	-18.9671838045514	10.9553838550857	-48.5953539282986	24.4387980718816	0.534483505713415	1.81445440732581	35.5930884036276	7.44335403200303	-22.3319771292346	4.25989242613447	-28.660505838597	-96.5189965336089	9.42434064471896	-23.009152189037	13.5182386577321	-18.7882471406952	-11.4474118182793	-13.2988966824333	18.6803946698777
NIC262	-44.9445802686239	-10.2779141406666	9.96685923402336	-22.4991154468137	6.97808103436026	-7.06528343173004	-29.482468465252	4.24236575605194	2.44718391434116	-31.3123431725945	31.8936744996215	-21.2623716630593	-75.3334060884875	-15.8721220176764	-14.382007558677	28.0911280260347	-8.32672072813474	-27.3817412265733	-13.2835386118533	-43.0475984967715	-40.427707208523	-37.2929925706672	5.76245512619836
NIC267	10.5255772514902	27.1979460086563	21.9813560223855	2.99604552789977	-30.8982351425867	26.1640582806911	27.7351848746558		-2.52224619235893		-45.1775237507725	-10.0538059630072	-6.14075559010887	13.1615546733167		-45.1645879133639	4.76765842937186	-13.4574460533067	11.6420563807466	-3.59911141508306	23.4557813741504	-20.9483637256406	6.32426445594349
NIC272	13.2476148086043	43.853621424015	36.2584398832968	13.7560976279797	-7.65739353739696	36.8514799016153	45.5200466976118		28.785628057151		-24.7875328415119	-15.8710760914067	28.5699208647063	12.9403714838363		-56.2328990385912	-13.1358484825528	-11.0665281466622	18.1360089535451	51.1373940619616	17.0260918466636	41.7164060501318	-22.2725419002336
NIC275	37.5604638304553	-3.09841338635148	20.7915443373097	2.09758143766573	-9.41153271687998	46.5936996445536	-28.9502419190573	14.9527699148379	24.4935353959071	16.1686169968053	3.18505232032961	11.7183553594436	3.2909110947706	6.51312114423313	29.8139355578951	51.6427546205419	37.5883282045813	9.76145243697811	-7.10580627401575	19.5814029497692		19.3633135229776	11.5065425498553
NIC277	-14.628598788036	62.9185668706373	20.5087574624689	28.0986738837666	-3.05465801372518	47.5670343502325	43.8503556729381	9.46150579171403	10.6084649349735	41.109557084671	6.32267753991923	1.10363002299907	-40.7088862804765	24.7090934409955	31.155876421408	60.7111331311035	7.0670777007742	4.31645808821855	5.95131506094583	36.2135262006869	6.12419290541634	51.0560421976806	15.395348616845
NIC3	35.0865361858738	-8.86750062843205	43.0474663180188	39.4072833044797	55.7914606143057	5.58428124719334	-0.260673131741013	9.27162780205874	24.5907611656923	16.1569655613297	52.4334203738359	-3.6474015450048	23.2308297790254	-4.46261727160122	100.155015423827	-47.5608912331583	44.5072817743131	52.0069169289752	-3.54488660353791	30.9352528047768	52.3807408954709	11.4595503553025	13.6769367826343
NIC514	-4.56670433711069	31.545496400521	16.6518681972963	29.3291972609895	16.0686868551065	30.9602387898789	4.66313360963192	72.5516543022572	36.7598635823204	64.0466260293986	-10.5432431863459	0.835420280177899	68.3031849886259	31.0933885410508	40.7912584141292	-78.742290636396	1.82522453685709	34.8160477684242	4.65025015139555	37.0236215119876	50.5435565949574	73.7025974974143	21.4077523919702
NIC526	-22.5419989692307	-89.1219157394671	62.5885324639789	-6.06518486451103	3.67594817013407	13.7161205986469	25.0311605761178	-26.3061626706979	-41.1948416741742	-16.2862860414349	-32.7708798343129	17.1241999288917	-52.176670926664	13.4622964627183	-87.7046460731719	-32.7418749030356	-118.161132914049	7.25631356138854	-20.9099075748529	-10.7507229309767	0.513692433035334	-30.0826746938023	-7.34654065033798
NIC528	-4.37395888103953	42.8883882539028	26.3079976855011	14.9495570214084	4.25743328294378	24.9824307425138	55.753956356741	84.4572429617737	17.6350276654669	-6.49992441956624	20.7615763164801	14.528925392336	36.6248259774869	1.75974526720314		53.1315881616721	33.2246910707824	6.06801603373169	13.5355068148843	-3.90583145618091	8.53629104870348	31.241796853262	0.670562831854044
NIC529	-39.6176666371818	-97.9982086607352	-41.546160948502	1.44002182057377	-35.3838056552925	-32.4763690565345	-40.235125387972	-36.5717726737083	18.1937883622148	37.2485477911901	-61.0381138110037	-13.429247830563	-31.8574250904089	17.0243156639447	-74.3498968626474	-9.61857026627123	2.56533224544897	-3.35501053994736	16.9936905824529	-7.54637121031769	-26.5568558094704	16.8846854249553	9.45453929173966
PB303	-14.1788959842233	42.853110029253	-8.75185653372946	21.5011688151028	-23.4901358622574	-9.16272209183608	13.4975931860052		5.65591335607292		9.16720155523623	-11.4497117495243	42.2438490649181	-8.62198083117823		-88.0517722005398	10.81822091897	-6.8320538329208	-2.1360927670706	0.55441663094386	-9.02280644367806	5.61235426895248	12.6309656204579
PB306	-10.3152638643939	13.2481722547824	-3.08784529664121	4.53331682245289	44.8687443648237	12.5252178885975	7.66868773780025	1.59341173722806	24.1196348132988	21.8926800917227	-16.8421491373973	38.5079599110196	10.7128602427506	-6.2000192634535	47.0278373863149	-2.08245548976118	-142.284318976987	-15.0343440739172	-3.78298169844908	37.0467905183401	-16.5600868325036	58.2389538705994	4.19002490052809
N2	-16.1556834065136	28.0420197893652	-6.02965577029549	-7.5740128222806	-21.4822157589945	11.9360072640519	3.35674393464986	0.799299365268662	-19.3202180449469	-29.2452679778481	-75.175057876696	6.36449479092956	-22.9936681553576	-0.294094578888148	-89.49932955553	-30.1393353882974	8.71163711028057	-32.4144743323266	-9.47467065904611	-44.1350350086976	-42.4159272610621	-7.71119575217903	-1.50449383884695
PX179	-14.9114930375885	-59.1313199783522	-195.20071948392	-7.85203049564579	-108.44947087348	23.1351387171554	19.6230537379039	-73.50022064102	-143.45104684175	17.3745648839812	19.2335418665811	-26.6732691753466	-33.0413289061861	12.0792259519504	-39.5072064581306	-172.195544771802	25.004465989565	-7.87687228359229	16.9978835953332	-13.2533975271313	-20.0432718325128	6.29830254944962	-20.7006715459758
QG2811	4.97525041668124	8.24418003556516	-4.08885712702584	-6.89799855296599	-5.21514622611496	-26.0398884716402	-65.8355836506149	1.23664402599869	4.03191169417476	38.6259514183285	0.840367783028236	-1.03132279549979	-16.713418882702	9.84468696437076	30.8982764482742	50.6601139787571	9.14937905534831	17.5866368131786	22.1907869173774	8.85212019412377	0.247376904593095	28.781864326822	-9.57114219270852
QG2818	78.3018980282302	36.1114671288627	34.1008171564913	-8.37919801892965	0.14918299049436	31.6707647345488	11.6094454060315	-12.453526352514	-10.98606092468	25.2401687221577	15.1106242808847	15.5013105533006	20.9402836882695	13.3794204183101		158.566723253553	26.8071231494926	18.0990587853286	9.56805491058647	13.7123710453942	3.70041440567298	-68.7251305297455	-25.424496581322
QG2824	18.5969922436059	-4.20232759686417	17.9213196577044	-3.82501720718061	-19.6043773468684	35.8889917019147	32.7635543686128	-9.01377033960049	-7.98444119688031	32.3554960519568	-20.7072750291259	6.59894651421082	18.7850425558215	11.4430755168185	-7.15203145134872	32.0691780141863	57.2451751087221	-13.0275088317241	-1.49621478516985	2.83430216373753	-15.7614676164292	-41.5466380444128	11.5672285117305
QG2827	2.50055230718799	-8.33525376951176	53.4425739479266	22.9236942567056	76.3970713508239	13.0179216394859	59.3418457149443	-60.3593568725837	18.517528242622	19.3234177139184	-13.6817878120089	22.6857114599029	12.8196649527541	30.1477480180307	-35.9495647830221	66.2537635078896	-7.6102055807733	-33.6423077839636	-4.49998596607605	18.4921990425294	-20.6064772039593	32.9539067105393	
QG2828	31.1611072636436	58.406954615539	-34.7941896352659	-8.66299414514613	14.7324667272654	-45.0527624311776	19.4316289186808		30.2972054009039	23.5551883607709	7.55976968563493	-26.9194158976609	-29.3518475230918	2.95288523875568	-14.2838823456094	-45.0266251629008	33.6514265736652	-60.6569841315697	-2.67578990703677	9.66959052406682	-38.0729150587288	-35.3153603826159	14.5463081629994
QG2832	-5.15799837576191	59.0557943119381	-20.7836491871367	23.4062455883175	-15.9960617053275	33.211496000346	69.1658238258029	-64.5783004887225	19.8794491003775	20.7170148899659	28.573029037612	30.2437353315656	-6.54096229994021	21.1064292504045	4.50420280511152	-6.67993974555496	-5.97882165330939	7.30767679530685	16.2304053400975	-8.44942717843048	12.6859123960138	-47.2964851215297	
QG2835	-37.0998585337588	-46.0959810246132	5.83754501545794	-4.02375041673743	-28.2331262226798	-63.0029529698033	-22.2289825419559	14.7527402460504	-3.38184095379401	18.6483880362005	6.12056328815533	12.4017004861826	15.3998705443602	5.71231011734647	8.2404676152839	31.0244534117189	-6.00136572758052	-12.3264177508465	-22.0992246114311	-35.3964222533898	-17.0062245076591	-42.1665981792533	9.63124150337101
QG2837	-10.3377523812648	-61.5597800563242	-36.1280629981709	-195.225512144905	-64.6488660205646	-118.108379272147	-101.066238203574	-40.5721774885238	16.6944507171609	3.66371476144284	24.8549717427371	32.4369782167806	66.922404361292	7.56940812279264		-147.449465015268	-53.8576386900889	-34.7350082432148	-24.2063948810183	-50.4498164885799	0.436970846435872	-64.2600132526839	3.42448400163487
QG2841	-38.0248153999057	-78.1103939963527	17.3783553270479	-12.9058230360468	48.7028140302922	26.3548241733137	37.919595871428		-35.0165943000372		20.3418409923307	6.08810136843359	-17.389913539431	22.8696208984879	-65.5145233241851	15.6791972426889	6.07091892986081		-16.4589725962055	-13.3880137670534		61.5915592898279	-25.0996996618172
QG2854	-121.662010006073	75.4215512353708	17.5078167530635	-1.1239530272203	-3.36241225895918	4.14093262468508	11.8957932002315	-52.1582184586487	24.3104111853073	14.967458718228	-70.4826097901345	-14.5425840296599	-20.6759096123157	11.52063807443	73.0662865659985	52.8496248770146	-27.321131032107	-31.8580352922605	23.3408702358329	2.2257960026113	-25.5052030058469	15.8491697901205	
QG2855	-4.4762526491889	22.3091943639073	36.9342924708246	-32.2065748233337	-43.9818666591071	9.58872081111728	29.6699289639452		-8.68673692230745	-34.8926160423783	-98.3452655074269	33.6622046548987	-57.8486036879589	-8.12509886190514	21.3613662269579	42.980036525284	-8.58005225956699	-38.0603149368415	0.752242780285424	-16.8401294627931	-35.0586727151649	-25.5102910971565	-2.73192457704514
QG2873	24.289266539704	43.755439307111	-5.47463631054797	-4.44665195869003		-48.0385673365214	-0.268101195537204		-6.65779570278784	-22.8180213688614	11.6088683470206	37.8803083100389	79.1359592590435	32.500095961686	4.77040766288576	2.91511297280463	-120.191245170729	12.8789732113032	24.1608402338654	12.449301759839		46.9857010432453	9.93830124377113
QG2874	47.3863256059137		18.3983687566196	29.9023478528968			29.195375941375		-5.93523055951111	37.5756848286001			93.0072467949144	41.8896945762327		-44.8441850954125				20.60824698554			
QG4008	13.8358684018717	-167.434213480466	-24.4483431622687	8.9783480594165	-35.7821142686064	17.332269053442	5.92207836535755		9.78493275903561		-25.9769124008791	-11.6788543773751	17.6349311218169	34.6600094649695		22.3996939216916	-9.77731472884602	-16.0990463724324	14.036174077843	10.6201543314708	-2.68102393698948	1.91290673984651	-21.5253190532733
QG4017	-3.70020354659132	1.39871111505473	-0.840635872119261	3.884007579751	-50.5491775714372	28.8457847963697	36.4451879267264	-46.7715031595691	19.5535216196811	39.7888111676267	15.5846354366191	4.54128392412976	44.5651755966722	18.4852122199114	24.6882456819444	-15.1602680316452	10.0715124422427	-26.8944047525994	3.27239387641948	12.9060931082417	-37.4805158291348	-24.5351448076631	
QG4018	8.50409708912789	-234.115790807588	-10.493532393997	12.0294818151866	-51.6695670051929	27.9688621520252	13.3896871612766	-59.4841310547962	32.0586324515519	-1.11709765952084	-2.64942998499983	3.53169706670889	-12.3440873334399	23.2143341781321	-19.2621628985818	28.9281632158741	31.9661864316358	-19.3745563643017	24.7359505554996	-11.5328370830003	-7.05185486589424	-16.0267301929845	-5.34423309748043
QG4080	-31.9345474902803	78.3826891717384	25.3994584760355	19.5738523009679	76.1985816344258	17.5885707337747	-53.9185480232974	4.67960107349871	24.1712612863386	2.78435120415433	-8.99130000659115	15.3339524833737	65.5910123839895	7.79986482400229	-16.3896456575703	-169.20691345112	23.5875165032699	2.38238130582347	7.49230321697042	8.91547381307058	4.71805927271078	-7.4694660571116	3.91029544528341
QG4135	-7.54670577486164	-1.58548842321917	-5.53797517977004	-20.2985675105863		-37.0342724587471	-47.4452543505448		42.9815150022608	-39.3273196622116	7.61075417593619	4.36085068141654	60.684694852185	-46.4868274080634	-21.0861262557848				-13.1369024194235			-96.3320511365517	-69.9857323668647
QG4138	-8.44038787283866	-135.833978516838	-64.0179978716109	-6.68165462258099	-35.2788647301554	-34.7013257131246	-48.0483113141053		28.7020139667212	-18.6800704649819	0.115214920201984	-29.1999737679166	-26.8146804367037	29.2867016601139	45.6598095060944	-125.40233238158	-58.9387714475129	7.86831555489842	-6.05883793547837	-17.9261795705593	25.7127257254066	12.0925142622806	7.46097003015961
QG4228	19.4669025503671	115.05730640124	32.6731187567606	59.834840885047	29.1400538646086	122.546484851411	72.0346548540731		45.7782092566795	38.7038029072245	-39.665156876434	42.7283369842047	89.1983643002205	33.6873964535413		32.2375492979684	70.4857757198652	-12.0517885534274	43.1726362546349	28.3435786362105	14.9392772760202	43.2315695868365	9.14460073024074
QW947	-13.1636214957905	74.2192013980928	-37.0461052154704	-17.5634476647593	-22.3187784492985	17.0207740500331	14.0667742213701	-8.32375435586414	10.264583934417	-11.6824910796821	56.9193579228286	-10.4939682784288	17.7004638041017	6.45264345090578	43.30382727486	6.02651247947214	1.21689520606297	-33.4106925760974	-5.15204025326035	17.4083521912763	-39.1787570038678	-25.9210845066961	1.04929961604263
RC301	53.727722018607	-20.8466095000505	39.2760606724947	-9.48832532924746	-1.72789647314501	33.3829774367278	-80.8712945800067	-33.3929636584325	-3.563899982904	11.5020376008088	35.8244963481498	-2.49948606401623	-5.77746002420708	-17.0778645177171	-30.7725703489132	65.6172515117134	161.974978386338	-5.57479629691592	4.76009778816031	-26.1214225107753	-18.6454000230235	-14.1273325244566	-9.58148903354971
TWN2530	3.69895691771589	10.0611643088591	24.2303395247074	11.7334681709427	-11.4328724392718	66.5763550297795	63.8022328237656	-41.8305630070037	23.996125971649	77.5595644330152	29.2294543990013	14.7084524777832	38.3270960828151	0.495008681899828		-59.0074900689837	43.6538213936673	-22.5951336553307	-11.7337436733465	-8.73308104762084	-23.2860591855967	-22.5829148377771	24.0116247227172
WN2001	-5.57953908244804	118.319312554265	-18.5363442418185	-34.9019689836137	-28.426511647316	0.141153154008755	-11.4916542391032	-45.3115967963969	-18.6396740768399	36.4483665477477	39.0510169918864	-16.6969920178915	22.5244397123432	-17.36686129567	299.593603401257	-6.15530493164102	-228.736179040929	-44.0779201835217	-15.6261676952018	-11.9632108126771	-38.9082940874375	6.23252964458812	-19.1774295596488
WN2050	20.4554892720019	41.7990826031896	6.02121837427649	-0.255587083236904	-28.9716039856843	-13.1618966437804	27.5102290792506		-14.6002177324288		0.857010215712869	-8.05806408772857	43.3787927494467	26.5130235081033		36.2745992402629	14.4570517823961	-19.2813462976614	-4.31467554391844	9.01927256396055	-52.5984713184762	-0.225560298076581	14.7000526588833
WN2064	43.6470629414033	0.853299014944918	32.1806538488221	-5.8416087987272	1.95380439062564	12.8071740007883	-46.1142247362212	-26.5085610745473	-15.5658940630809	21.1213319516218	-59.9012109392637	-15.8296564089134	-10.7828329298598	-9.63424985209648	61.7087702947189	-140.898898027722	11.4373173119458	34.3515339128424	-1.33796172519129	-14.1131761830818	23.6564715414853	20.8125648483799	-27.8511857178314
WN2066	34.6733600865018	-91.8517310178407	50.8479611483192	-38.9429296171895	60.4060741008937	-66.1684847485917	-127.446504628525	-38.0324948646085	7.58250138278878	5.87589672749143	31.3127987496244	22.6990850675786	-16.6896319524741	17.3457738955753	47.5932704899	38.336028793943	39.9205484949689	63.6982799537305	15.6685977891597	45.0723347280845	50.9734815814709	32.2712172796772	
WN2069	38.8938660309027	64.1623323112084	15.4649589066501	11.7817218756487	-5.14814760713723	16.4963825542058	10.6681808159464	-33.2627522653501	-11.171484197218	-11.8184627542476	11.7613091506967	-4.93435497034419	-33.3931152136285	1.31552337373192	8.79036196042977	9.9903004743474	16.3855893498114	16.6718980089835	19.3729800081025	4.42910164966614	8.19487234099564	-15.5982027206763	-5.36266891544921
WN2082	-7.53290451532768	24.3920482681795	33.8151701899276	59.0215974608091	111.734961340528	25.6517200717672	-40.6855245615952	90.8134303581217	10.2965034161959	6.10661321375758	47.3059810345255	9.22541413120348	25.6433839478078	4.6811502305007	65.4499182531961	9.15100406881942	71.8109049485127	57.418470056092	2.4949475936783	46.204352592677	79.1638778723042	66.7394241928041	26.8423935354689
WN2086	3.37747776746881	19.0721132144811	-16.1432788253494	-16.0056883623048	22.265364792496	4.14081349336687	-106.142299833874	-24.8748418187664	14.1061021074249	-7.51530105227808	58.1960994785671	0.0634031264930122	-26.1632539462653	12.4365955764223	-22.9817650968223	56.6544289409427	81.3947678018826	28.3927089859044	-11.0327224747628	-10.6469081091317	19.2163449325281	14.6733084739662	-2.41731513356828
XZ1516	61.1674255638776	92.9636568593832	5.53058077202604	7.34900114922537	0.40491230932863	-6.14623953933651	27.1730264820603	119.718418595155	10.0556938774434	98.1791840419567	32.8485087911026	33.8978625269233	89.9532481546489	13.8604945617167	21.4073091774725	6.28997634790461	84.5426567684561	27.9829729955596	-3.93712537587845	75.5427781601087	-20.6051502110341	-52.8365650593508	19.9060565141871
XZ1672	9.30133350762918	-89.9697508434219	-10.0538180686214	2.75286556264145	-18.8916633870808	29.9825557828353	28.8696123422654		-8.58406570147297	6.06544385352966	1.99998352855519	-18.2020159525061	21.6165637333568	-10.8505730186938	43.4407986043728	8.8110062945012	48.8657026962901	16.026825304897	6.09846921992371	-10.4732029369253	2.35369207975477	19.8962133803071	-16.1950133767979
XZ1735	-5.78586170620631	-3.87203368381582	-29.5440702624033	17.782514577932	-9.97917383404665	-14.7555787237536	22.7536849291785	48.3800280850856	-1.30664439085046	9.81705270581805	-64.3927056462861	0.458641526161345	-15.5361997614483	12.1874251244619	-40.1750148547793	97.3309733374098	18.935737900306	9.82016674638463	-3.15742588252155	21.7978648880878	5.83856499669192	18.6893671238968	-25.5420701215831
XZ2018	-24.969538868375	27.6210072584544	-19.0588733640616	-21.4831675575768	-61.3754044950423	-19.96185871819	-54.8260945881349	-33.8502889538495	-25.7673841785661	-30.6604183797209	2.82610704681408	-14.8567385608539	-77.2962580574725	-12.9229254891119	26.8147027158235	-85.6495800142366	26.2803672072443	40.3963829006502	-0.966188616226928	-64.9901808316121	11.5985624806273	-19.7537940942158	-11.6738685703229
JU1249		-10.8960803539888	55.3092673825867	-7.2708889435875	17.6534136979754	10.5920045317091	31.4709377033992	204.891657288117	-25.9975483817096	-14.6062194675909	-18.3252983831416	-22.1066649256807	-68.7413000943361	7.22784476699773	-71.695233517644	-33.18171361789	16.675176626325	15.9336089980996	8.61605349379205	-5.75849801144797	16.2624630549676	72.411800382525	
NIC236		33.9893339265524	-0.573756753384656	34.824901459735	-3.7363338020747	45.0976263605774	72.3452785916379	-43.6818915584229	41.0580939760244	19.5815326289021	41.1899919264227	-8.30229230470899	-11.5536185226971	-24.1090030084559	25.2807317909994	142.140934466986	20.8896002152215	-14.7325335584802	14.1523169874644	45.9437554830157	8.96188513404309	20.5667852332785	
QG4003		-139.304829440076	11.0525002866249	-1.15662104379565	-37.4203012481468	-17.9777165925952	-0.392505978873178	-32.3970171487981	-35.0204722302638	-15.6398597090414	-14.4219850034744	5.45314086084409	-35.3716592926966	3.43174852917195	17.6918367734103	20.8752554070724	31.7898966518068	-7.01748938808553	16.3313293983791	-11.6134498905397	-0.0950296360227814	-13.7165350580135	
