toxicant,cas,cat_num,source,storage_temp,stock_mM,diluent,DTXSID,PREFERRED_NAME,CASRN,drug,nice_drug_label2,nice_drug_label,concentration_um,class,big_class,trait,moa_class,moa_unique_class,moa_notes,moa_refs
"2,4-D",94757,31518-250MG,sigma,-20,500,DMSO,DTXSID0020442,"2,4-Dichlorophenoxyacetic acid",94-75-7,2_4-D,"2,4-D","2,4-D",751.31,Herbicide,Herbicide,length_2_4_D,Other,metabolic & membrane disruption,"negative impact on membrane structure and fluidity -> mitochonrial stress -> ROS -> apoptosis. This MoA for non-target organisms studied in yeast, fish, and mammlian","Chinalia,F.A., Regali-Seleghin,M.H. and Correa,E.M. (2007) 2, 4-D toxicity: cause, effect and control. Terrestrial and Aquatic Environmental Toxicology, 1, 24–33.
"
Aldicarb,116063,33386-100MG,sigma,-20,2000,DMSO,DTXSID0039223,Aldicarb,116-06-3,Aldicarb,Aldicarb,Aldicarb,156.25,Carbamate Insecticide,Insecticide,length_Aldicarb,AChE inhibition,"",AChE inhibition,"Kramer,L., Schulze,T., Klüver,N., Altenburger,R., Hackermüller,J., Krauss,M. and Busch,W. (2024) Curated mode-of-action data and effect concentrations for chemicals relevant for the aquatic environment. Sci Data, 11, 60.
"
Arsenic,1327533,202673-5G,sigma,-20,450,Water,DTXSID0020103,Arsenic oxide (As2O3),1327-53-3,Arsenic trioxide,Arsenic,Arsenic trioxide,242.26,Metal,Metal,length_Arsenic_trioxide,Thiol binding,"","Thiol-reactive toxicants were defined as compounds whose primary mode of action involves high-affinity interactions with protein sulfhydryl groups, leading to non-specific enzyme inhibition and downstream redox imbalance","Hughes,M.F. (2002) Arsenic toxicity and potential mechanisms of action. Toxicol. Lett., 133, 1–16.
"
Atrazine,1912249,45330-250MG-R,sigma,-20,500,DMSO,DTXSID9020112,Atrazine,1912-24-9,Atrazine,Atrazine,Atrazine,510.2,Herbicide,Herbicide,length_Atrazine,Oxidative phosphorylation inhibition (OXPHOS inhibition),"",Studies in mice and quail show mito dysfunction,"Lim,S., Ahn,S.Y., Song,I.C., Chung,M.H., Jang,H.C., Park,K.S., Lee,K.-U., Pak,Y.K. and Lee,H.K. (2009) Chronic exposure to the herbicide, atrazine, causes mitochondrial dysfunction and insulin resistance. PLoS One, 4, e5186.
"
Cadmium dichloride,10108642,202908-10G,sigma,-20,500,Water,DTXSID6020226,Cadmium chloride,10108-64-2,Cadmium dichloride,Cadmium,Cadmium dichloride,100,Metal,Metal,length_Cadmium_dichloride,Thiol binding,"","Strongly inhibits ETC, but through thiol-reactive inhibition, no redox cycling. Best to put as thiol-reactive.","Qu,F. and Zheng,W. (2024) Cadmium exposure: Mechanisms and pathways of toxicity and implications for human health. Toxics, 12, 388.
"
Carbaryl,63252,32055-250MG,sigma,-20,500,DMSO,DTXSID9020247,Carbaryl,63-25-2,Carbaryl,Carbaryl,Carbaryl,262.14,Carbamate Insecticide,Insecticide,length_Carbaryl,AChE inhibition,"","","Kramer,L., Schulze,T., Klüver,N., Altenburger,R., Hackermüller,J., Krauss,M. and Busch,W. (2024) Curated mode-of-action data and effect concentrations for chemicals relevant for the aquatic environment. Sci Data, 11, 60.
"
Carboxin,5234684,45371-250MG,sigma,-20,1000,DMSO,DTXSID0023951,Carboxin,5234-68-4,Carboxin,Carboxin,Carboxin,538.66,Fungicide,Fungicide,length_Carboxin,Oxidative phosphorylation inhibition (OXPHOS inhibition),"",This is clear,"Kramer,L., Schulze,T., Klüver,N., Altenburger,R., Hackermüller,J., Krauss,M. and Busch,W. (2024) Curated mode-of-action data and effect concentrations for chemicals relevant for the aquatic environment. Sci Data, 11, 60.
"
Chlorfenapyr,122453730,37913-100MG-R,sigma,-20,500,DMSO,DTXSID9032533,Chlorfenapyr,122453-73-0,Chlorfenapyr,Chlorfenapyr,Chlorfenapyr,0.62,Pro-Insecticide,Insecticide,length_Chlorfenapyr,Oxidative phosphorylation inhibition (OXPHOS inhibition),"",This is clear,"Kramer,L., Schulze,T., Klüver,N., Altenburger,R., Hackermüller,J., Krauss,M. and Busch,W. (2024) Curated mode-of-action data and effect concentrations for chemicals relevant for the aquatic environment. Sci Data, 11, 60.
"
Chlorothalonil,1897456,36791-250MG,sigma,-20,75,DMSO,DTXSID0020319,Chlorothalonil,1897-45-6,Chlorothalonil,Chlorothalonil,Chlorothalonil,111.11,Fungicide,Fungicide,length_Chlorothalonil,Thiol binding,"",Kramer not best citation,"Tao,H., Fang,C., Xiao,Y. and Jin,Y. (2024) The toxicity and health risk of chlorothalonil to non-target animals and humans: A systematic review. Chemosphere, 358, 142241.
"
Chlorpyrifos,2921882,45395-250MG,sigma,-20,100,DMSO,DTXSID4020458,Chlorpyrifos,2921-88-2,Chlorpyrifos,Chlorpyrifos,Chlorpyrifos,2.7,Organophosphate Insecticide,Insecticide,length_Chlorpyrifos,AChE inhibition,"",This is clear,"Kramer,L., Schulze,T., Klüver,N., Altenburger,R., Hackermüller,J., Krauss,M. and Busch,W. (2024) Curated mode-of-action data and effect concentrations for chemicals relevant for the aquatic environment. Sci Data, 11, 60.
"
Copper chloride,7447394,751944-25G,sigma,-20,500,Water,DTXSID7040449,Copper(II) chloride,7447-39-4,Copper chloride,Copper,Copper chloride,100,Metal,Metal,length_Copper_chloride,Redox cycling,"",Better citations for Redox cycling,"Gaetke,L.M., Chow-Johnson,H.S. and Chow,C.K. (2014) Copper: toxicological relevance and mechanisms. Arch. Toxicol., 88, 1929–1938.
"
Lead (II) nitrate,10099748,228621-100G,sigma,-20,500,Water,DTXSID2035069,Lead nitrate,10099-74-8,Lead nitrate,Lead,Lead nitrate,49.74,Metal,Metal,length_Lead_nitrate,Multiple mechanisms,"","Although most toxicants exert multiple downstream effects, lead lacks a single dominant initiating interaction and causes toxicity through several competing mechanisms including, calcium mimicry, enzyme inhibition, and mitochondrial disruption, which necessitates a “multi-mechanistic” classification.","Generalova,A., Davidova,S. and Satchanska,G. (2025) The mechanisms of lead toxicity in living organisms. J. Xenobiot., 15, 146.
"
Malathion,121755,36143-100MG,sigma,-20,1200,DMSO,DTXSID4020791,Malathion,121-75-5,Malathion,Malathion,Malathion,790.12,Organophosphate Insecticide,Insecticide,length_Malathion,AChE inhibition,"",This is clear,"Kramer,L., Schulze,T., Klüver,N., Altenburger,R., Hackermüller,J., Krauss,M. and Busch,W. (2024) Curated mode-of-action data and effect concentrations for chemicals relevant for the aquatic environment. Sci Data, 11, 60.
"
Mancozeb,8018017,45553-100MG,sigma,-20,75,DMSO,DTXSID0034695,Mancozeb,1/7/18,Mancozeb,Mancozeb,Mancozeb,102.4,Fungicide,Fungicide,length_Mancozeb,Thiol binding,"",Found paper citing MoA of Mancozeb,"Roede,J.R. and Jones,D.P. (2014) Thiol-reactivity of the fungicide maneb. Redox Biol., 2, 651–655."
Methomyl,16752775,36159-100MG,sigma,-20,1000,DMSO,DTXSID1022267,Methomyl,16752-77-5,Methomyl,Methomyl,Methomyl,50,Carbamate Insecticide,Insecticide,length_Methomyl,AChE inhibition,"",This is clear,"Kramer,L., Schulze,T., Klüver,N., Altenburger,R., Hackermüller,J., Krauss,M. and Busch,W. (2024) Curated mode-of-action data and effect concentrations for chemicals relevant for the aquatic environment. Sci Data, 11, 60.
"
Methylmercury dichloride,115093,442534-5G-A,sigma,-20,150,DMSO,DTXSID5020813,Methylmercuric(II) chloride,115-09-3,Methyl mercury,Mercury,Methyl mercury,15.62,Metal,Metal,length_Methyl_mercury,Thiol binding,"",Newer review best interval,"Kang,B., Wang,J., Guo,S. and Yang,L. (2024) Mercury-induced toxicity: Mechanisms, molecular pathways, and gene regulation. Sci. Total Environ., 943, 173577.

"
Nickel dichloride,7718549,339350-50G,sigma,-20,2500,Water,DTXSID7040316,Nickel chloride,7718-54-9,Nickel dichloride,Nickel,Nickel dichloride,100,Metal,Metal,length_Nickel_dichloride,Other,Competitive inhibition of metal-dependent enzymes,"Many possible routes that are context dependent. Competes with other Iorn and other cofactors, inhibits metal-dependent enzymes","Macomber,L. and Hausinger,R.P. (2011) Mechanisms of nickel toxicity in microorganisms. Metallomics, 3, 1153–1162.
"
Paraquat,1910425,856177-1G,sigma,-20,1500,Water,DTXSID7024243,Paraquat dichloride,1910-42-5,Paraquat_62.5,Paraquat 62.5 uM,Paraquat 62.5uM,62.5,Herbicide,Herbicide,length_Paraquat_62_5,Redox cycling,"","","Bus,J.S., Cagen,S.Z., Olgaard,M. and Gibson,J.E. (1976) A mechanism of paraquat toxicity in mice and rats. Toxicol. Appl. Pharmacol., 35, 501–513.
"
Paraquat,1910425,856177-1G,sigma,-20,1500,Water,DTXSID7024243,Paraquat dichloride,1910-42-5,Paraquat_250,Paraquat 250 uM,Paraquat 250uM,250,Herbicide,Herbicide,length_Paraquat_250,Redox cycling,"","","Bus,J.S., Cagen,S.Z., Olgaard,M. and Gibson,J.E. (1976) A mechanism of paraquat toxicity in mice and rats. Toxicol. Appl. Pharmacol., 35, 501–513.
"
Propoxur,114261,45644-250MG,sigma,-20,1500,DMSO,DTXSID7021948,Propoxur,114-26-1,Propoxur,Propoxur,Propoxur,195.09,Carbamate Insecticide,Insecticide,length_Propoxur,AChE inhibition,"",This is clear,"Kramer,L., Schulze,T., Klüver,N., Altenburger,R., Hackermüller,J., Krauss,M. and Busch,W. (2024) Curated mode-of-action data and effect concentrations for chemicals relevant for the aquatic environment. Sci Data, 11, 60.
"
Pyraclostrobin,175013180,33696-100MG-R,sigma,-20,500,DMSO,DTXSID7032638,Pyraclostrobin,175013-18-0,Pyraclostrobin,Pyraclostrobin,Pyraclostrobin,93.75,Fungicide,Fungicide,length_Pyraclostrobin,Oxidative phosphorylation inhibition (OXPHOS inhibition),"",This is clear,"Kramer,L., Schulze,T., Klüver,N., Altenburger,R., Hackermüller,J., Krauss,M. and Busch,W. (2024) Curated mode-of-action data and effect concentrations for chemicals relevant for the aquatic environment. Sci Data, 11, 60.
"
Silver nitrate,7761888,S6506-5G,sigma,-20,100,Water,DTXSID3032042,Silver nitrate,7761-88-8,Silver nitrate_250,Silver 250 uM,Silver nitrate 250uM,250,Metal,Metal,length_Silver_nitrate_250,Thiol binding,"",also mito dysfunction through ETC inhibition.,"Holt,K.B. and Bard,A.J. (2005) Interaction of silver(I) ions with the respiratory chain of Escherichia coli: an electrochemical and scanning electrochemical microscopy study of the antimicrobial mechanism of micromolar Ag+. Biochemistry, 44, 13214–13223.
"
Silver nitrate,7761888,S6506-5G,sigma,-20,100,Water,DTXSID3032042,Silver nitrate,7761-88-8,Silver nitrate_7.8,Silver 7.8 uM,Silver nitrate 7.8uM,7.8,Metal,Metal,length_Silver_nitrate_7_8,Thiol binding,"",also mito dysfunction through ETC inhibition.,"Holt,K.B. and Bard,A.J. (2005) Interaction of silver(I) ions with the respiratory chain of Escherichia coli: an electrochemical and scanning electrochemical microscopy study of the antimicrobial mechanism of micromolar Ag+. Biochemistry, 44, 13214–13223.
"
Triphenyl phosphate,115866,241288-50G,sigma,-20,100,DMSO,DTXSID1021952,Triphenyl phosphate,115-86-6,Triphenyl phosphate_6.25,TPhP 6.25 uM,Triphenyl phosphate 6.25uM,6.25,Flame Retardant,Flame Retardant,length_Triphenyl_phosphate_6_25,Other,Serine hydrolase inhibition,inhibits carboxylesterases Morris et al. (2014). inhibits NPA deacetylases Richardson et al. (2013) - From,"Yao,C., Yang,H. and Li,Y. (2021) A review on organophosphate flame retardants in the environment: Occurrence, accumulation, metabolism and toxicity. Sci. Total Environ., 795, 148837.
"
Triphenyl phosphate,115866,241288-50G,sigma,-20,100,DMSO,DTXSID1021952,Triphenyl phosphate,115-86-6,Triphenyl phosphate_50,TPhP 50 uM,Triphenyl phosphate 50uM,50,Flame Retardant,Flame Retardant,length_Triphenyl_phosphate_50,Other,Serine hydrolase inhibition,inhibits carboxylesterases Morris et al. (2014). inhibits NPA deacetylases Richardson et al. (2013) - From,"Yao,C., Yang,H. and Li,Y. (2021) A review on organophosphate flame retardants in the environment: Occurrence, accumulation, metabolism and toxicity. Sci. Total Environ., 795, 148837.
"
Zinc dichloride,7646857,229997-10G,sigma,-20,1000,Water,DTXSID2035013,Zinc chloride,7646-85-7,Zinc dichloride,Zinc,Zinc dichloride,50,Metal,Metal,length_Zinc_dichloride,Other,Metal homeostasis disruption,"","Plum,L.M., Rink,L. and Haase,H. (2010) The essential toxin: impact of zinc on human health. Int. J. Environ. Res. Public Health, 7, 1342–1365.
"
