drug,MoA_broad,MoA_specific,molecular_target,further_MoA_info,moa_class,RJM Designation,RJM Designation Notes,TAC moa_broad_class,TAC moa_unique_class,TAC notes,TAC refs
2_4-D,Synthetic Auxin,"Synthetic Auxin, Ethylene biosynthesis stimulation",n/a,n/a,Other|unknown,Other|unknown,,Other,metabolic & membrane disruption,"negative impact on membrane structure and fluidity -> mitochonrial stress -> ROS -> apoptosis. This MoA for non-target organisms studied in yeast, fish, and mammlian","Chinalia,F.A., Regali-Seleghin,M.H. and Correa,E.M. (2007) 2, 4-D toxicity: cause, effect and control. Terrestrial and Aquatic Environmental Toxicology, 1, 24–33.
"
Aldicarb,Neuromuscular system,AChE inhibition,Acetylcholinesterase (AChE),n/a,AChE inhibition,AChE inhibition,,AChE inhibition,,AChE inhibition,"Kramer,L., Schulze,T., Klüver,N., Altenburger,R., Hackermüller,J., Krauss,M. and Busch,W. (2024) Curated mode-of-action data and effect concentrations for chemicals relevant for the aquatic environment. Sci Data, 11, 60.
"
Arsenic trioxide,"Cancerogen, Metabolic system, ATP inhibition","Disruption of ATP production, Lipoic acid inhibition (citric acid cycle), Uncoupler of oxidative phosphorylation",n/a,,Redox disruption,Metabolic inhibitor,,Thiol binding,,"Thiol-reactive toxicants were defined as compounds whose primary mode of action involves high-affinity interactions with protein sulfhydryl groups, leading to non-specific enzyme inhibition and downstream redox imbalance","Hughes,M.F. (2002) Arsenic toxicity and potential mechanisms of action. Toxicol. Lett., 133, 1–16.
"
Atrazine,Photosynthesis inhibition,Photosystem II inhibition,Photosystem II (Plastoquinone-binding protein),"electron transport chain inhibition, potential endocrine disruptor",Redox disruption,Redox disruption,,Oxidative phosphorylation inhibition (OXPHOS inhibition),,Studies in mice and quail show mito dysfunction ,"Lim,S., Ahn,S.Y., Song,I.C., Chung,M.H., Jang,H.C., Park,K.S., Lee,K.-U., Pak,Y.K. and Lee,H.K. (2009) Chronic exposure to the herbicide, atrazine, causes mitochondrial dysfunction and insulin resistance. PLoS One, 4, e5186.
"
Cadmium dichloride,Cancerogen,n/a,n/a,,Redox disruption,Redox disruption,,Thiol binding,,"Strongly inhibits ETC, but through thiol-reactive inhibition, no redox cycling. Best to put as thiol-reactive.","Qu,F. and Zheng,W. (2024) Cadmium exposure: Mechanisms and pathways of toxicity and implications for human health. Toxics, 12, 388.
"
Carbaryl,Neuromuscular system,AChE inhibition,Acetylcholinesterase (AChE),n/a,AChE inhibition,AChE inhibition,,AChE inhibition,,,"Kramer,L., Schulze,T., Klüver,N., Altenburger,R., Hackermüller,J., Krauss,M. and Busch,W. (2024) Curated mode-of-action data and effect concentrations for chemicals relevant for the aquatic environment. Sci Data, 11, 60.
"
Carboxin,Respiratory system,Succinate dehydrogenase inhibition,Mitochondrial complex II (Succinate dehydrogenase),"systemic action, can cause developmental toxicity/cardiotoxicity/oxidative stress/reactive oxygen species accumulation in zebrafish embryos",Redox disruption,Metabolic inhibitor,,Oxidative phosphorylation inhibition (OXPHOS inhibition),,This is clear,"Kramer,L., Schulze,T., Klüver,N., Altenburger,R., Hackermüller,J., Krauss,M. and Busch,W. (2024) Curated mode-of-action data and effect concentrations for chemicals relevant for the aquatic environment. Sci Data, 11, 60.
"
Chlorfenapyr,Respiratory system,Uncoupler of oxidative phosphorylation,n/a,"Electron transport inhibition, disruption of proton gradient",Redox disruption,Redox disruption,,Oxidative phosphorylation inhibition (OXPHOS inhibition),,This is clear,"Kramer,L., Schulze,T., Klüver,N., Altenburger,R., Hackermüller,J., Krauss,M. and Busch,W. (2024) Curated mode-of-action data and effect concentrations for chemicals relevant for the aquatic environment. Sci Data, 11, 60.
"
Chlorothalonil,Multi-site activity,n/a,n/a,gluthathione deactivation,Redox disruption,Redox disruption,,Thiol binding,,Kramer not best citation,"Tao,H., Fang,C., Xiao,Y. and Jin,Y. (2024) The toxicity and health risk of chlorothalonil to non-target animals and humans: A systematic review. Chemosphere, 358, 142241.
"
Chlorpyrifos,Neuromuscular system,AChE inhibition,Acetylcholinesterase (AChE),n/a,AChE inhibition,AChE inhibition,,AChE inhibition,,This is clear,"Kramer,L., Schulze,T., Klüver,N., Altenburger,R., Hackermüller,J., Krauss,M. and Busch,W. (2024) Curated mode-of-action data and effect concentrations for chemicals relevant for the aquatic environment. Sci Data, 11, 60.
"
Copper chloride,"Cell membrane disruption, Photosynthesis inhibition","Lipid peroxidation, Electron transport inhibition",n/a,,Redox disruption,Redox disruption,,Redox cycling,,Better citations for Redox cycling ,"Gaetke,L.M., Chow-Johnson,H.S. and Chow,C.K. (2014) Copper: toxicological relevance and mechanisms. Arch. Toxicol., 88, 1929–1938.
"
Lead nitrate,Heme metabolism,Heme synthesis inhibition,Porphobilinogen synthase and ferrochelatase,,Redox disruption,Non-specific enzymne inhibition,Need to find literature to support request from reviewer,Multiple mechanisms,,"Although most toxicants exert multiple downstream effects, lead lacks a single dominant initiating interaction and causes toxicity through several competing mechanisms including, calcium mimicry, enzyme inhibition, and mitochondrial disruption, which necessitates a “multi-mechanistic” classification.","Generalova,A., Davidova,S. and Satchanska,G. (2025) The mechanisms of lead toxicity in living organisms. J. Xenobiot., 15, 146.
"
Malathion,Neuromuscular system,AChE inhibition,Acetylcholinesterase (AChE),n/a,AChE inhibition,AChE inhibition,,AChE inhibition,,This is clear,"Kramer,L., Schulze,T., Klüver,N., Altenburger,R., Hackermüller,J., Krauss,M. and Busch,W. (2024) Curated mode-of-action data and effect concentrations for chemicals relevant for the aquatic environment. Sci Data, 11, 60.
"
Mancozeb,,,,,AChE inhibition,Non-specific enzymne inhibition,Cite literature provided by reviewer and more recent studies in C. elegans,Thiol binding,,Found paper citing MoA of Mancozeb,"Roede,J.R. and Jones,D.P. (2014) Thiol-reactivity of the fungicide maneb. Redox Biol., 2, 651–655."
Methomyl,Neuromuscular system,AChE inhibition,Acetylcholinesterase (AChE),n/a,AChE inhibition,AChE inhibition,,AChE inhibition,,This is clear,"Kramer,L., Schulze,T., Klüver,N., Altenburger,R., Hackermüller,J., Krauss,M. and Busch,W. (2024) Curated mode-of-action data and effect concentrations for chemicals relevant for the aquatic environment. Sci Data, 11, 60.
"
Methyl mercury,unknown,n/a,n/a,,Redox disruption,Redox disruption,Not in Kramer Cited Literature in Results section 2.4,Thiol binding,,Newer review best interval,"Kang,B., Wang,J., Guo,S. and Yang,L. (2024) Mercury-induced toxicity: Mechanisms, molecular pathways, and gene regulation. Sci. Total Environ., 943, 173577.

"
Nickel dichloride,unknown,n/a,n/a,,Other|unknown,Other|unknown,,Other,Competitive inhibition of metal-dependent enzymes,"Many possible routes that are context dependent. Competes with other Iorn and other cofactors, inhibits metal-dependent enzymes","Macomber,L. and Hausinger,R.P. (2011) Mechanisms of nickel toxicity in microorganisms. Metallomics, 3, 1153–1162.
"
Paraquat_62.5,,,,,Redox disruption,Redox disruption,Not in Kramer Cited Literature in Results section 2.4,Redox cycling,,,"Bus,J.S., Cagen,S.Z., Olgaard,M. and Gibson,J.E. (1976) A mechanism of paraquat toxicity in mice and rats. Toxicol. Appl. Pharmacol., 35, 501–513.
"
Paraquat_250,,,,,Redox disruption,Redox disruption,Not in Kramer Cited Literature in Results section 2.4,Redox cycling,,,"Bus,J.S., Cagen,S.Z., Olgaard,M. and Gibson,J.E. (1976) A mechanism of paraquat toxicity in mice and rats. Toxicol. Appl. Pharmacol., 35, 501–513.
"
Propoxur,Neuromuscular system,AChE inhibition,Acetylcholinesterase (AChE),n/a,AChE inhibition,AChE inhibition,,AChE inhibition,,This is clear,"Kramer,L., Schulze,T., Klüver,N., Altenburger,R., Hackermüller,J., Krauss,M. and Busch,W. (2024) Curated mode-of-action data and effect concentrations for chemicals relevant for the aquatic environment. Sci Data, 11, 60.
"
Pyraclostrobin,Respiratory system,Coenzyme Q inhibition,Mitochondrial complex III (Quinol outer binding site of Coenzyme Q (cyt b gene)),electron transport inhibition,Redox disruption,Mitochondrial Dysfunction,,Oxidative phosphorylation inhibition (OXPHOS inhibition),,This is clear,"Kramer,L., Schulze,T., Klüver,N., Altenburger,R., Hackermüller,J., Krauss,M. and Busch,W. (2024) Curated mode-of-action data and effect concentrations for chemicals relevant for the aquatic environment. Sci Data, 11, 60.
"
Silver nitrate_250,,,,,Other|unknown,Non-specific enzymne inhibition,Need to find literature to support request from reviewer,Thiol binding,,also mito dysfunction through ETC inhibition.,"Holt,K.B. and Bard,A.J. (2005) Interaction of silver(I) ions with the respiratory chain of Escherichia coli: an electrochemical and scanning electrochemical microscopy study of the antimicrobial mechanism of micromolar Ag+. Biochemistry, 44, 13214–13223.
"
Silver nitrate_7.8,,,,,Other|unknown,Non-specific enzymne inhibition,Need to find literature to support request from reviewer,Thiol binding,,also mito dysfunction through ETC inhibition.,"Holt,K.B. and Bard,A.J. (2005) Interaction of silver(I) ions with the respiratory chain of Escherichia coli: an electrochemical and scanning electrochemical microscopy study of the antimicrobial mechanism of micromolar Ag+. Biochemistry, 44, 13214–13223.
"
Triphenyl phosphate_6.25,"Endocrine, Neuroactive","Estrogen receptor agonist, Androgen receptor antagonist, Glucocorticoid receptor antagonist, Pregnane X receptor agonist","Estrogen receptor, Androgen receptor, Glucocorticoid receptor, Pregnane X receptor",n/a,Other|unknown,Other|unknown,,Other,Serine hydrolase inhibition,inhibits carboxylesterases Morris et al. (2014). inhibits NPA deacetylases Richardson et al. (2013) - From ,"Yao,C., Yang,H. and Li,Y. (2021) A review on organophosphate flame retardants in the environment: Occurrence, accumulation, metabolism and toxicity. Sci. Total Environ., 795, 148837.
"
Triphenyl phosphate_50,"Endocrine, Neuroactive","Estrogen receptor agonist, Androgen receptor antagonist, Glucocorticoid receptor antagonist, Pregnane X receptor agonist","Estrogen receptor, Androgen receptor, Glucocorticoid receptor, Pregnane X receptor",n/a,Other|unknown,Other|unknown,,Other,Serine hydrolase inhibition,inhibits carboxylesterases Morris et al. (2014). inhibits NPA deacetylases Richardson et al. (2013) - From ,"Yao,C., Yang,H. and Li,Y. (2021) A review on organophosphate flame retardants in the environment: Occurrence, accumulation, metabolism and toxicity. Sci. Total Environ., 795, 148837.
"
Zinc dichloride,unknown,n/a,n/a,,Other|unknown,Non-specific enzymne inhibition,Lead MoA data references how Zinc MoA is similar,Other,Metal homeostasis disruption,,"Plum,L.M., Rink,L. and Haase,H. (2010) The essential toxin: impact of zinc on human health. Int. J. Environ. Res. Public Health, 7, 1342–1365.
"