MARKER	CHROM	POS	GENE_NAME	WBGeneID	PEAK_MARKER	VARIANT_LD_WITH_PEAK_MARKER	MAF_variant	VARIANT_IMPACT	VARIANT_LOG10p	trait	interval	beta_coefficient	effect_allele	other_allele
V_14554027	V	14554027	C53A5.1	WBGene00008270	5:14453636	0.77675	0.0666667	HIGH	7.68753281821932	length_2_4_D	13865698-15025162	16.5498	A	T
III_8311919	III	8311919	F10E9.3	WBGene00017355	3:8311919	1	0.0512821	HIGH	13.0649486075375	length_Aldicarb	7790159-8989539	-54.6711	T	C
IV_16629576	IV	16629576	Y51H4A.9	WBGene00194924	4:16631628	0.797642	0.487179	HIGH	5.48783273688226	length_Aldicarb	16474675-17180844	16.535	A	T
IV_16738382	IV	16738382	Y51H4A.2	WBGene00013118	4:16631628	1	0.45641	HIGH	7.68734745150345	length_Aldicarb	16474675-17180844	-20.9067	G	T
IV_16867801	IV	16867801	T06A10.1	WBGene00235300	4:16631628	0.940012	0.471795	HIGH	6.1747962138913	length_Aldicarb	16474675-17180844	-18.4316	T	G
IV_16989319	IV	16989319	Y116A8C.1	WBGene00013791	4:16631628	0.940012	0.471795	HIGH	6.1747962138913	length_Aldicarb	16474675-17180844	-18.4316	G	A
X_13219097	X	13219097	asp-4	WBGene00000217	6:13252751	0.782242	0.230769	HIGH	7.80026600969103	length_Aldicarb	13002956-13505962	21.585	A	G
X_13220692	X	13220692	asp-4	WBGene00000217	6:13252751	0.809571	0.235897	HIGH	7.38279396286764	length_Aldicarb	13002956-13505962	20.5448	A	G
X_13239655	X	13239655	K08H2.4	WBGene00010691	6:13252751	0.887446	0.210256	HIGH	7.75536685523969	length_Aldicarb	13002956-13505962	21.9015	C	A
II_13911851	II	13911851	W02B8.2	WBGene00012198	2:13692527	0.909302	0.117949	HIGH	9.94804150214606	length_Arsenic_trioxide	13521931-14347284	-16.3852	T	C
II_13949709	II	13949709	sre-44	WBGene00012329	2:13692527	0.909302	0.117949	HIGH	9.94804150214606	length_Arsenic_trioxide	13521931-14347284	-16.3852	C	G
II_13951673	II	13951673	sre-44	WBGene00012329	2:13692527	0.909302	0.117949	HIGH	9.94804150214606	length_Arsenic_trioxide	13521931-14347284	-16.3852	C	T
II_13991577	II	13991577	Y39G8B.5	WBGene00012726	2:13692527	0.752988	0.138462	HIGH	8.68288774611376	length_Arsenic_trioxide	13521931-14347284	-14.2354	T	G
II_14009212	II	14009212	F01D5.7	WBGene00008497	2:13692527	0.824891	0.128205	HIGH	8.89356805364019	length_Arsenic_trioxide	13521931-14347284	-14.8966	G	A
II_14020696	II	14020696	F01D5.1	WBGene00008500	2:13692527	0.824891	0.128205	HIGH	8.89356805364019	length_Arsenic_trioxide	13521931-14347284	-14.8966	T	C
III_1109134	III	1109134	exc-6	WBGene00019030	3:1642838	0.82659	0.112821	HIGH	11.6043370541643	length_Arsenic_trioxide	28947-2527992	-18.0921	G	A
III_1114888	III	1114888	F58B6.1	WBGene00019029	3:1642838	0.82659	0.112821	HIGH	11.6043370541643	length_Arsenic_trioxide	28947-2527992	-18.0921	T	C
III_1158907	III	1158907	cdh-12	WBGene00022103	3:1642838	0.82659	0.112821	HIGH	11.6043370541643	length_Arsenic_trioxide	28947-2527992	-18.0921	A	G
III_1169134	III	1169134	cdh-12	WBGene00022103	3:1642838	0.82659	0.112821	HIGH	11.6043370541643	length_Arsenic_trioxide	28947-2527992	-18.0921	T	G
III_1170357	III	1170357	cdh-12	WBGene00022103	3:1642838	0.82659	0.112821	HIGH	11.6043370541643	length_Arsenic_trioxide	28947-2527992	-18.0921	G	A
III_1173305	III	1173305	cdh-12	WBGene00022103	3:1642838	0.82659	0.112821	HIGH	11.6043370541643	length_Arsenic_trioxide	28947-2527992	-18.0921	C	G
III_1178109	III	1178109	cdh-12	WBGene00022103	3:1642838	0.82659	0.112821	HIGH	11.6043370541643	length_Arsenic_trioxide	28947-2527992	-18.0921	A	G
III_1189395	III	1189395	Y119D3B.1	WBGene00022491	3:1642838	0.82659	0.112821	HIGH	11.6043370541643	length_Arsenic_trioxide	28947-2527992	-18.0921	T	C
III_1630954	III	1630954	Y22D7AL.1	WBGene00021249	3:1642838	0.770979	0.153846	HIGH	10.1961902070448	length_Arsenic_trioxide	28947-2527992	-14.8402	A	T
III_1752326	III	1752326	Y46E12A.3	WBGene00021593	3:1642838	0.802859	0.148718	HIGH	9.3669403822992	length_Arsenic_trioxide	28947-2527992	-14.3903	T	C
III_1777405	III	1777405	Y39A3CL.4	WBGene00021442	3:1642838	0.913212	0.133333	HIGH	11.452234962971	length_Arsenic_trioxide	28947-2527992	-16.726	T	C
III_1879362	III	1879362	smi-1	WBGene00004886	3:1642838	0.873703	0.138462	HIGH	10.8683017341512	length_Arsenic_trioxide	28947-2527992	-16.025	G	A
III_2042973	III	2042973	dpy-1	WBGene00001063	3:1642838	0.802859	0.148718	HIGH	13.1538901648591	length_Arsenic_trioxide	28947-2527992	-17.1398	A	G
III_2116667	III	2116667	Y48G9A.1	WBGene00021704	3:1642838	0.802859	0.148718	HIGH	13.1538901648591	length_Arsenic_trioxide	28947-2527992	-17.1398	A	T
II_12630464	II	12630464	Y38E10A.2	WBGene00044034	2:12658388	1	0.0871795	HIGH	7.48360309639195	length_Atrazine	12471656-12749733	-12.7805	T	G
II_12679462	II	12679462	Y38E10A.3	WBGene00271657	2:12658388	1	0.0871795	HIGH	7.48360309639195	length_Atrazine	12471656-12749733	-12.7805	A	G
II_12681744	II	12681744	cox-10	WBGene00012895	2:12658388	1	0.0871795	HIGH	7.48360309639195	length_Atrazine	12471656-12749733	-12.7805	C	T
X_5893384	X	5893384	F49E10.2	WBGene00018640	6:5955567	0.751184	0.353846	HIGH	13.3813672941696	length_Cadmium_dichloride	5111074-7424675	18.4872	C	T
X_5951366	X	5951366	R07E4.5	WBGene00019938	6:5955567	0.757664	0.364103	HIGH	13.0574374313255	length_Cadmium_dichloride	5111074-7424675	18.2657	G	T
X_6727747	X	6727747	K11G12.6	WBGene00019657	6:5955567	0.777538	0.323077	HIGH	7.9481307355124	length_Cadmium_dichloride	5111074-7424675	14.6223	A	G
I_2590695	I	2590695	ptr-12	WBGene00004226	1:2596756	0.920876	0.45641	HIGH	11.2593303062002	length_Carbaryl	2394565-2987265	-11.8152	T	C
I_2600381	I	2600381	K07A3.3	WBGene00019461	1:2596756	0.920876	0.45641	HIGH	11.2593303062002	length_Carbaryl	2394565-2987265	-11.8152	C	T
I_2600384	I	2600384	K07A3.3	WBGene00019461	1:2596756	0.939352	0.471795	HIGH	9.19571780472154	length_Carbaryl	2394565-2987265	-10.6057	C	G
I_2602075	I	2602075	K07A3.3	WBGene00019461	1:2596756	0.920876	0.45641	HIGH	11.2593303062002	length_Carbaryl	2394565-2987265	-11.8152	A	G
I_2622341	I	2622341	Y23H5A.2	WBGene00021269	1:2596756	0.863254	0.451282	HIGH	8.50364537887097	length_Carbaryl	2394565-2987265	-10.2004	C	A
III_2528148	III	2528148	rbc-2	WBGene00004314	3:2527992	0.781145	0.492308	HIGH	8.18088168199666	length_Carboxin	2330097-2677403	12.0098	A	G
II_13927432	II	13927432	mltn-5	WBGene00044074	2:13921653	0.916039	0.230769	HIGH	13.2376339469487	length_Chlorothalonil	13521931-14060605	-9.09692	A	T
II_5396567	II	5396567	EEED8.1	WBGene00017138	2:5392976	1	0.215385	HIGH	18.2888019661438	length_Chlorothalonil	4501686-12735930	-10.8962	T	A
II_5423524	II	5423524	F07F6.7	WBGene00017219	2:5392976	1	0.215385	HIGH	18.2888019661438	length_Chlorothalonil	4501686-12735930	-10.8962	T	C
II_5529171	II	5529171	ZK177.1	WBGene00022669	2:5392976	0.81103	0.241026	HIGH	12.0471493726648	length_Chlorothalonil	4501686-12735930	-8.54689	A	G
II_5539434	II	5539434	hlh-27	WBGene00001966	2:5392976	0.834623	0.235897	HIGH	12.5528142318857	length_Chlorothalonil	4501686-12735930	-8.79083	C	T
II_8046836	II	8046836	T05H10.1	WBGene00011507	2:5392976	0.78842	0.246154	HIGH	11.9312600304386	length_Chlorothalonil	4501686-12735930	-8.44475	C	T
II_8707976	II	8707976	cup-16	WBGene00007919	2:5392976	0.752988	0.230769	HIGH	13.6607400702576	length_Chlorothalonil	4501686-12735930	-9.24022	G	A
III_1355001	III	1355001	Y82E9BL.1	WBGene00022318	3:1455164	0.796845	0.230769	HIGH	7.62071748691514	length_Chlorothalonil	1286570-1603611	-6.81021	A	C
III_1357182	III	1357182	Y82E9BR.8	WBGene00022341	3:1455164	0.75984	0.282051	HIGH	5.72997759043939	length_Chlorothalonil	1286570-1603611	-5.43147	C	A
III_1357736	III	1357736	Y82E9BR.8	WBGene00022341	3:1455164	0.820862	0.246154	HIGH	7.67281100605279	length_Chlorothalonil	1286570-1603611	-6.68635	C	G
III_1359420	III	1359420	Y82E9BR.9	WBGene00022342	3:1455164	0.7963	0.241026	HIGH	7.52603620352968	length_Chlorothalonil	1286570-1603611	-6.6629	C	T
III_2605333	III	2605333	Y71H2B.1	WBGene00022198	3:2605810	0.86656	0.328205	HIGH	6.65156387362173	length_Chlorothalonil	1997851-2735727	-5.6681	G	T
III_2608046	III	2608046	Y71H2B.5	WBGene00022195	3:2605810	0.881617	0.271795	HIGH	9.55223789890646	length_Chlorothalonil	1997851-2735727	-7.28691	A	G
III_2608103	III	2608103	Y71H2B.5	WBGene00022195	3:2605810	0.881617	0.271795	HIGH	9.55223789890646	length_Chlorothalonil	1997851-2735727	-7.28691	G	C
III_3393683	III	3393683	mlc-4	WBGene00003372	3:4478684	0.781655	0.302564	HIGH	8.69894291173984	length_Chlorothalonil	3019479-7505522	-6.71463	T	C
III_3402234	III	3402234	npp-9	WBGene00003795	3:4478684	0.781655	0.302564	HIGH	8.69894291173984	length_Chlorothalonil	3019479-7505522	-6.71463	A	G
III_3761994	III	3761994	C44F1.1	WBGene00008091	3:4478684	0.850514	0.358974	HIGH	9.37048095551166	length_Chlorothalonil	3019479-7505522	-6.69283	T	C
III_4410096	III	4410096	gpch-1	WBGene00011109	3:4478684	1	0.333333	HIGH	11.9877953150867	length_Chlorothalonil	3019479-7505522	-7.73883	T	A
III_4544094	III	4544094	M88.3	WBGene00010906	3:4478684	0.977273	0.338462	HIGH	12.2693149404654	length_Chlorothalonil	3019479-7505522	-7.80113	A	C
III_4585378	III	4585378	F35G12.5	WBGene00009442	3:4478684	0.955224	0.34359	HIGH	11.5685904063603	length_Chlorothalonil	3019479-7505522	-7.54418	T	C
III_4595504	III	4595504	asb-1	WBGene00000206	3:4478684	0.955224	0.34359	HIGH	11.5685904063603	length_Chlorothalonil	3019479-7505522	-7.54418	A	C
III_4630701	III	4630701	clec-151	WBGene00008659	3:4478684	0.955224	0.34359	HIGH	11.5685904063603	length_Chlorothalonil	3019479-7505522	-7.54418	A	G
III_4802173	III	4802173	tag-325	WBGene00008006	3:4478684	0.932347	0.338462	HIGH	10.8946311493124	length_Chlorothalonil	3019479-7505522	-7.34136	A	G
III_4858775	III	4858775	C35D10.7	WBGene00016444	3:4478684	0.932347	0.338462	HIGH	10.8946311493124	length_Chlorothalonil	3019479-7505522	-7.34136	T	A
III_4929670	III	4929670	set-2	WBGene00004782	3:4478684	0.932347	0.338462	HIGH	10.8946311493124	length_Chlorothalonil	3019479-7505522	-7.34136	A	T
III_5018997	III	5018997	wip-1	WBGene00020094	3:4478684	0.850514	0.358974	HIGH	9.38776155523722	length_Chlorothalonil	3019479-7505522	-6.69938	G	C
III_5054749	III	5054749	C45G9.9	WBGene00016680	3:4478684	0.932347	0.338462	HIGH	10.8946311493124	length_Chlorothalonil	3019479-7505522	-7.34136	C	T
III_5094917	III	5094917	F54D8.1	WBGene00284847	3:4478684	0.850514	0.358974	HIGH	9.38776155523722	length_Chlorothalonil	3019479-7505522	-6.69938	T	A
III_5309166	III	5309166	mog-3	WBGene00003391	3:4478684	0.831497	0.364103	HIGH	8.90733628342662	length_Chlorothalonil	3019479-7505522	-6.49457	A	G
III_5327432	III	5327432	sorf-2	WBGene00018672	3:4478684	0.831497	0.364103	HIGH	8.90733628342662	length_Chlorothalonil	3019479-7505522	-6.49457	T	C
III_5333344	III	5333344	sorf-2	WBGene00018672	3:4478684	0.932347	0.338462	HIGH	10.8946311493124	length_Chlorothalonil	3019479-7505522	-7.34136	T	G
III_5346432	III	5346432	thoc-5	WBGene00021311	3:4478684	0.813008	0.369231	HIGH	8.95700909002377	length_Chlorothalonil	3019479-7505522	-6.495	A	T
III_5398312	III	5398312	Y32H12A.8	WBGene00021316	3:4478684	0.932347	0.338462	HIGH	10.8946311493124	length_Chlorothalonil	3019479-7505522	-7.34136	A	C
III_5625493	III	5625493	daf-4	WBGene00000900	3:4478684	0.910972	0.34359	HIGH	10.2567995859738	length_Chlorothalonil	3019479-7505522	-7.08925	T	C
III_5832158	III	5832158	mdt-15	WBGene00007016	3:4478684	0.890227	0.348718	HIGH	10.3755893814641	length_Chlorothalonil	3019479-7505522	-7.10739	C	A
III_6192023	III	6192023	C23G10.5	WBGene00016012	3:4478684	0.831497	0.364103	HIGH	8.97514177558146	length_Chlorothalonil	3019479-7505522	-6.52098	A	C
III_6262052	III	6262052	srg-4	WBGene00005162	3:4478684	0.831497	0.364103	HIGH	8.97514177558146	length_Chlorothalonil	3019479-7505522	-6.52098	T	C
III_6465956	III	6465956	2.2	WBGene00006463	3:4478684	0.890227	0.348718	HIGH	10.3755893814641	length_Chlorothalonil	3019479-7505522	-7.10739	T	C
III_6623029	III	6623029	copd-1	WBGene00015734	3:4478684	0.831497	0.364103	HIGH	8.97514177558146	length_Chlorothalonil	3019479-7505522	-6.52098	T	C
III_6736329	III	6736329	Y102E9.6	WBGene00044453	3:4478684	0.890227	0.348718	HIGH	10.3755893814641	length_Chlorothalonil	3019479-7505522	-7.10739	G	A
III_6771232	III	6771232	dig-1	WBGene00000998	3:4478684	0.890227	0.348718	HIGH	10.3755893814641	length_Chlorothalonil	3019479-7505522	-7.10739	A	G
III_6789561	III	6789561	dig-1	WBGene00000998	3:4478684	0.890227	0.348718	HIGH	10.3755893814641	length_Chlorothalonil	3019479-7505522	-7.10739	A	C
III_6790026	III	6790026	dig-1	WBGene00000998	3:4478684	0.890227	0.348718	HIGH	10.3755893814641	length_Chlorothalonil	3019479-7505522	-7.10739	T	C
III_6966379	III	6966379	panl-2	WBGene00017951	3:4478684	0.850514	0.358974	HIGH	10.8699038398178	length_Chlorothalonil	3019479-7505522	-7.23409	T	A
III_7002987	III	7002987	C06E8.5	WBGene00015544	3:4478684	0.890227	0.348718	HIGH	10.3755893814641	length_Chlorothalonil	3019479-7505522	-7.10739	C	A
III_7004710	III	7004710	C06E8.5	WBGene00015544	3:4478684	0.850514	0.358974	HIGH	10.8699038398178	length_Chlorothalonil	3019479-7505522	-7.23409	T	C
III_7070739	III	7070739	tmem-17	WBGene00022733	3:4478684	0.890227	0.348718	HIGH	10.3755893814641	length_Chlorothalonil	3019479-7505522	-7.10739	G	A
III_7137768	III	7137768	B0280.1	WBGene00015106	3:4478684	0.890227	0.348718	HIGH	10.3755893814641	length_Chlorothalonil	3019479-7505522	-7.10739	T	C
III_7148911	III	7148911	ogt-1	WBGene00003858	3:4478684	0.890227	0.348718	HIGH	10.3755893814641	length_Chlorothalonil	3019479-7505522	-7.10739	C	T
III_7149069	III	7149069	ogt-1	WBGene00003858	3:4478684	0.890227	0.348718	HIGH	10.3755893814641	length_Chlorothalonil	3019479-7505522	-7.10739	T	A
III_7198003	III	7198003	exos-9	WBGene00018154	3:4478684	0.890227	0.348718	HIGH	10.3755893814641	length_Chlorothalonil	3019479-7505522	-7.10739	A	C
III_7229752	III	7229752	R151.8	WBGene00020111	3:4478684	0.890227	0.348718	HIGH	10.3755893814641	length_Chlorothalonil	3019479-7505522	-7.10739	T	C
II_10586972	II	10586972	algn-9	WBGene00007556	2:10305644	0.824324	0.0512821	HIGH	8.46476678923786	length_Mancozeb	9770391-10735023	10.9106	A	G
II_10596123	II	10596123	C14A4.7	WBGene00007558	2:10305644	0.824324	0.0512821	HIGH	8.46476678923786	length_Mancozeb	9770391-10735023	10.9106	C	A
II_10728963	II	10728963	mks-5	WBGene00007490	2:10305644	0.824324	0.0512821	HIGH	8.46476678923786	length_Mancozeb	9770391-10735023	10.9106	A	G
I_2986371	I	2986371	supr-1	WBGene00022124	1:2994073	0.904177	0.0512821	HIGH	7.13788442283256	length_Methyl_mercury	2643819-3157610	-38.0382	C	T
II_627888	II	627888	arrd-1	WBGene00020205	2:626831	1	0.117949	HIGH	7.45747247007584	length_Methyl_mercury	7007-910200	-31.4304	G	T
II_627924	II	627924	arrd-1	WBGene00020205	2:626831	1	0.117949	HIGH	7.45747247007584	length_Methyl_mercury	7007-910200	-31.4304	A	G
II_627940	II	627940	arrd-1	WBGene00020205	2:626831	0.832041	0.138462	HIGH	5.88985786828786	length_Methyl_mercury	7007-910200	-25.2651	T	A
II_628022	II	628022	arrd-1	WBGene00020205	2:626831	0.832041	0.138462	HIGH	5.88985786828786	length_Methyl_mercury	7007-910200	-25.2651	A	G
II_628120	II	628120	arrd-1	WBGene00020205	2:626831	0.832041	0.138462	HIGH	5.88985786828786	length_Methyl_mercury	7007-910200	-25.2651	T	A
II_628269	II	628269	arrd-1	WBGene00020205	2:626831	0.832041	0.138462	HIGH	5.88985786828786	length_Methyl_mercury	7007-910200	-25.2651	C	T
II_628340	II	628340	arrd-1	WBGene00020205	2:626831	0.832041	0.138462	HIGH	5.88985786828786	length_Methyl_mercury	7007-910200	-25.2651	A	C
III_2361029	III	2361029	gip-1	WBGene00001589	3:2461452	0.912281	0.123077	HIGH	9.41331371650101	length_Methyl_mercury	2007984-2632011	-35.075	T	G
III_2445451	III	2445451	E02H9.7	WBGene00017105	3:2461452	0.913212	0.133333	HIGH	11.157084869003	length_Methyl_mercury	2007984-2632011	-37.8698	T	G
III_2448108	III	2448108	klo-2	WBGene00017103	3:2461452	0.912281	0.123077	HIGH	9.41331371650101	length_Methyl_mercury	2007984-2632011	-35.075	C	T
III_2453620	III	2453620	nhr-121	WBGene00003711	3:2461452	0.912281	0.123077	HIGH	9.41331371650101	length_Methyl_mercury	2007984-2632011	-35.075	T	G
III_2462877	III	2462877	E02H9.3	WBGene00017101	3:2461452	1	0.133333	HIGH	10.3545736519513	length_Methyl_mercury	2007984-2632011	-35.6024	C	A
III_2462913	III	2462913	E02H9.3	WBGene00017101	3:2461452	0.912281	0.123077	HIGH	9.41331371650101	length_Methyl_mercury	2007984-2632011	-35.075	T	C
III_2464014	III	2464014	E02H9.3	WBGene00017101	3:2461452	1	0.133333	HIGH	10.3545736519513	length_Methyl_mercury	2007984-2632011	-35.6024	G	A
III_2464035	III	2464035	E02H9.3	WBGene00017101	3:2461452	0.912281	0.123077	HIGH	9.41331371650101	length_Methyl_mercury	2007984-2632011	-35.075	A	C
III_2468253	III	2468253	E02H9.9	WBGene00017106	3:2461452	0.955882	0.128205	HIGH	11.5284259796379	length_Methyl_mercury	2007984-2632011	-38.3013	C	T
III_2476602	III	2476602	smg-6	WBGene00004884	3:2461452	0.912281	0.123077	HIGH	9.41331371650101	length_Methyl_mercury	2007984-2632011	-35.075	A	G
III_2482055	III	2482055	smg-6	WBGene00004884	3:2461452	0.869683	0.128205	HIGH	9.04717615072392	length_Methyl_mercury	2007984-2632011	-34.5193	C	A
III_2484183	III	2484183	smg-6	WBGene00004884	3:2461452	0.869683	0.128205	HIGH	9.04717615072392	length_Methyl_mercury	2007984-2632011	-34.5193	T	C
III_2486393	III	2486393	smg-6	WBGene00004884	3:2461452	0.869683	0.128205	HIGH	9.04717615072392	length_Methyl_mercury	2007984-2632011	-34.5193	G	A
III_3705516	III	3705516	5.1	WBGene00006474	3:3716201	0.849913	0.107692	HIGH	5.90954544711396	length_Methyl_mercury	3103196-5563041	-29.6233	A	G
III_3708407	III	3708407	dph-1	WBGene00007576	3:3716201	0.849913	0.107692	HIGH	5.90954544711396	length_Methyl_mercury	3103196-5563041	-29.6233	A	G
III_10243342	III	10243342	Y70G10A.3	WBGene00013499	3:10133612	1	0.0615385	HIGH	5.56430318091806	length_Methyl_mercury	9741903-10475212	32.7196	G	A
V_15677758	V	15677758	nhr-52	WBGene00003642	5:15476283	0.756757	0.0666667	HIGH	5.93650677512731	length_Methyl_mercury	15076312-15922559	-35.4415	G	A
II_12152593	II	12152593	Y57A10A.4	WBGene00013249	2:12203935	0.812143	0.0871795	HIGH	6.87640197132414	length_Nickel_dichloride	12072541-12341169	-26.596	A	G
II_12152673	II	12152673	Y57A10A.4	WBGene00013249	2:12203935	0.812143	0.0871795	HIGH	6.87640197132414	length_Nickel_dichloride	12072541-12341169	-26.596	G	A
II_12155226	II	12155226	Y57A10A.5	WBGene00013250	2:12203935	0.812143	0.0871795	HIGH	6.87640197132414	length_Nickel_dichloride	12072541-12341169	-26.596	T	C
II_12169209	II	12169209	Y57A10A.8	WBGene00013253	2:12203935	0.812143	0.0871795	HIGH	6.87640197132414	length_Nickel_dichloride	12072541-12341169	-26.596	A	G
II_12243255	II	12243255	Y57A10A.2	WBGene00013264	2:12203935	0.878957	0.0923077	HIGH	11.579398656376	length_Nickel_dichloride	12072541-12341169	-35.5729	C	T
II_12244363	II	12244363	Y57A10A.2	WBGene00013264	2:12203935	0.878957	0.0923077	HIGH	11.579398656376	length_Nickel_dichloride	12072541-12341169	-35.5729	G	A
II_12246369	II	12246369	Y57A10A.2	WBGene00013264	2:12203935	0.878957	0.0923077	HIGH	11.579398656376	length_Nickel_dichloride	12072541-12341169	-35.5729	C	T
II_12246389	II	12246389	Y57A10A.2	WBGene00013264	2:12203935	0.878957	0.0923077	HIGH	11.579398656376	length_Nickel_dichloride	12072541-12341169	-35.5729	A	G
II_12295844	II	12295844	Y57A10A.3	WBGene00013270	2:12203935	0.762082	0.0923077	HIGH	9.12589812571181	length_Nickel_dichloride	12072541-12341169	-30.8523	T	A
II_12304155	II	12304155	sre-50	WBGene00016834	2:12203935	0.762082	0.0923077	HIGH	9.12589812571181	length_Nickel_dichloride	12072541-12341169	-30.8523	A	C
II_12306717	II	12306717	C50E10.2	WBGene00016826	2:12203935	0.762082	0.0923077	HIGH	9.12589812571181	length_Nickel_dichloride	12072541-12341169	-30.8523	C	T
II_12321580	II	12321580	sre-53	WBGene00016827	2:12203935	0.762082	0.0923077	HIGH	9.12589812571181	length_Nickel_dichloride	12072541-12341169	-30.8523	T	A
II_12322790	II	12322790	sre-53	WBGene00016827	2:12203935	0.762082	0.0923077	HIGH	9.12589812571181	length_Nickel_dichloride	12072541-12341169	-30.8523	A	G
II_12329751	II	12329751	sre-55	WBGene00016830	2:12203935	0.762082	0.0923077	HIGH	9.12589812571181	length_Nickel_dichloride	12072541-12341169	-30.8523	C	T
II_12339975	II	12339975	sop-2	WBGene00004945	2:12203935	0.762082	0.0923077	HIGH	9.12589812571181	length_Nickel_dichloride	12072541-12341169	-30.8523	T	G
V_1456345	V	1456345	chil-14	WBGene00019980	5:1486141	0.969315	0.205128	HIGH	11.1846294196332	length_Nickel_dichloride	1077258-1844647	-25.8367	A	T
V_1463801	V	1463801	1.2	WBGene00019977	5:1486141	1	0.210256	HIGH	13.3534131002896	length_Nickel_dichloride	1077258-1844647	-28.3263	A	G
V_1521633	V	1521633	str-240	WBGene00006268	5:1486141	0.763271	0.179487	HIGH	12.6832249658894	length_Nickel_dichloride	1077258-1844647	-28.4897	A	C
V_1541568	V	1541568	oac-31	WBGene00018707	5:1486141	0.941105	0.220513	HIGH	11.639488053358	length_Nickel_dichloride	1077258-1844647	-25.6501	T	G
I_10148482	I	10148482	F16C3.1	WBGene00008885	1:11258815	0.904177	0.0512821	HIGH	8.6070467854991	length_Paraquat_62_5	8368174-11701489	26.185	A	C
II_13723144	II	13723144	Y54G9A.5	WBGene00013208	2:13675568	0.927938	0.158974	HIGH	6.98219869200524	length_Paraquat_62_5	13499019-13782678	14.5559	A	G
II_13759392	II	13759392	arrd-13	WBGene00011054	2:13675568	0.928379	0.169231	HIGH	8.61173466674956	length_Paraquat_62_5	13499019-13782678	15.7558	C	T
II_13760496	II	13760496	arrd-13	WBGene00011054	2:13675568	0.892607	0.164103	HIGH	6.47319102118204	length_Paraquat_62_5	13499019-13782678	13.7159	G	T
II_13760781	II	13760781	arrd-13	WBGene00011054	2:13675568	0.892607	0.164103	HIGH	6.47319102118204	length_Paraquat_62_5	13499019-13782678	13.7159	T	G
II_13765443	II	13765443	arrd-11	WBGene00011052	2:13675568	0.892607	0.164103	HIGH	6.47319102118204	length_Paraquat_62_5	13499019-13782678	13.7159	C	T
II_13775649	II	13775649	C01B9.1	WBGene00007220	2:13675568	0.892607	0.164103	HIGH	6.47319102118204	length_Paraquat_62_5	13499019-13782678	13.7159	C	A
II_13776518	II	13776518	C01B9.1	WBGene00007220	2:13675568	0.927938	0.158974	HIGH	6.98219869200524	length_Paraquat_62_5	13499019-13782678	14.5559	G	T
II_13777341	II	13777341	C01B9.1	WBGene00007220	2:13675568	0.798731	0.179487	HIGH	5.11335928843295	length_Paraquat_62_5	13499019-13782678	11.437	A	C
II_13777934	II	13777934	C01B9.1	WBGene00007220	2:13675568	0.892607	0.164103	HIGH	6.47319102118204	length_Paraquat_62_5	13499019-13782678	13.7159	T	G
X_3236299	X	3236299	irg-7	WBGene00018237	6:2848181	0.889831	0.102564	HIGH	7.72532574292636	length_Paraquat_62_5	2674396-4285086	17.4978	C	T
X_3241330	X	3241330	irg-7	WBGene00018237	6:2848181	0.829617	0.0974359	HIGH	6.16116212271657	length_Paraquat_62_5	2674396-4285086	15.8625	T	C
X_3243576	X	3243576	irg-7	WBGene00018237	6:2848181	0.829617	0.0974359	HIGH	6.16116212271657	length_Paraquat_62_5	2674396-4285086	15.8625	C	T
X_3249081	X	3249081	pqn-37	WBGene00004124	6:2848181	0.819444	0.0769231	HIGH	7.46657788157224	length_Paraquat_62_5	2674396-4285086	20.0848	T	C
X_3249417	X	3249417	pqn-37	WBGene00004124	6:2848181	0.829617	0.0974359	HIGH	6.16116212271657	length_Paraquat_62_5	2674396-4285086	15.8625	A	T
X_3263740	X	3263740	fbxb-71	WBGene00018236	6:2848181	0.760589	0.0717949	HIGH	7.46657788157224	length_Paraquat_62_5	2674396-4285086	20.0848	G	C
V_5519876	V	5519876	mms-19	WBGene00016060	5:5315004	0.832038	0.138462	HIGH	7.28157492847976	length_Propoxur	4897242-5628662	6.11585	A	G
V_5524797	V	5524797	hir-1	WBGene00016059	5:5315004	0.832038	0.138462	HIGH	7.28157492847976	length_Propoxur	4897242-5628662	6.11585	G	T
V_5531951	V	5531951	grl-1	WBGene00001710	5:5315004	0.832038	0.138462	HIGH	7.28157492847976	length_Propoxur	4897242-5628662	6.11585	A	G
II_11704115	II	11704115	xpf-1	WBGene00008140	2:11883855	0.878957	0.0820513	HIGH	8.2927824433351	length_Silver_nitrate_7_8	11688376-12058655	8.3463	C	T
II_11707685	II	11707685	F13D12.9	WBGene00008743	2:11883855	0.878957	0.0820513	HIGH	8.2927824433351	length_Silver_nitrate_7_8	11688376-12058655	8.3463	A	C
II_11799176	II	11799176	hda-5	WBGene00009663	2:11883855	0.878957	0.0820513	HIGH	8.2927824433351	length_Silver_nitrate_7_8	11688376-12058655	8.3463	A	G
II_11832243	II	11832243	clec-144	WBGene00012086	2:11883855	0.878957	0.0820513	HIGH	8.2927824433351	length_Silver_nitrate_7_8	11688376-12058655	8.3463	G	T
II_11864318	II	11864318	K12D12.4	WBGene00010786	2:11883855	0.878957	0.0820513	HIGH	8.2927824433351	length_Silver_nitrate_7_8	11688376-12058655	8.3463	C	T
II_11873260	II	11873260	npp-3	WBGene00003789	2:11883855	1	0.0923077	HIGH	11.0623722750461	length_Silver_nitrate_7_8	11688376-12058655	9.21609	C	T
II_11915019	II	11915019	ZK930.7	WBGene00014157	2:11883855	1	0.0923077	HIGH	11.0623722750461	length_Silver_nitrate_7_8	11688376-12058655	9.21609	A	C
V_7618890	V	7618890	C50E3.1	WBGene00044550	5:7623783	1	0.0871795	HIGH	12.7076016173911	length_Triphenyl_phosphate_6_25	6022066-16602903	-18.2134	A	G
V_7620104	V	7620104	C50E3.1	WBGene00044550	5:7623783	0.935919	0.0820513	HIGH	12.7076016173911	length_Triphenyl_phosphate_6_25	6022066-16602903	-18.2134	A	G
I_4643180	I	4643180	Y119C1A.1	WBGene00022466	1:4884561	0.769176	0.123077	HIGH	10.6563550139521	length_Zinc_dichloride	3619760-8718857	-8.66055	C	T
I_4648040	I	4648040	B0041.8	WBGene00015011	1:4884561	0.769176	0.123077	HIGH	10.6563550139521	length_Zinc_dichloride	3619760-8718857	-8.66055	C	T
I_4696691	I	4696691	chd-7	WBGene00007053	1:4884561	0.769176	0.123077	HIGH	10.6563550139521	length_Zinc_dichloride	3619760-8718857	-8.66055	G	T
I_4697101	I	4697101	chd-7	WBGene00007053	1:4884561	0.769176	0.123077	HIGH	10.6563550139521	length_Zinc_dichloride	3619760-8718857	-8.66055	G	A
I_4791537	I	4791537	zig-7	WBGene00006984	1:4884561	0.769176	0.123077	HIGH	10.6563550139521	length_Zinc_dichloride	3619760-8718857	-8.66055	C	T
I_4984654	I	4984654	W03G9.1	WBGene00195069	1:4884561	0.769176	0.123077	HIGH	10.6563550139521	length_Zinc_dichloride	3619760-8718857	-8.66055	A	G
I_5044534	I	5044534	phat-1	WBGene00016732	1:4884561	0.769176	0.123077	HIGH	10.6563550139521	length_Zinc_dichloride	3619760-8718857	-8.66055	A	C
I_5052407	I	5052407	C46H11.2	WBGene00016728	1:4884561	0.769176	0.123077	HIGH	10.6563550139521	length_Zinc_dichloride	3619760-8718857	-8.66055	G	A
I_5089704	I	5089704	kin-32	WBGene00002213	1:4884561	0.769176	0.123077	HIGH	10.6563550139521	length_Zinc_dichloride	3619760-8718857	-8.66055	G	T
I_5116136	I	5116136	elpc-1	WBGene00022463	1:4884561	0.769176	0.123077	HIGH	10.6563550139521	length_Zinc_dichloride	3619760-8718857	-8.66055	C	T
I_5117745	I	5117745	elpc-1	WBGene00022463	1:4884561	0.769176	0.123077	HIGH	10.6563550139521	length_Zinc_dichloride	3619760-8718857	-8.66055	C	A
